"Slug","Title","Image","Image:alt","Content"
"acı-bibər","Acı bibər","https://framerusercontent.com/images/9djgri41wwI1Nq6Gm9PgeofMhw.jpg","","<p><br></p>"
"acı-portağal","Acı portağal","https://framerusercontent.com/images/rynjNdCG87VXZIPSDufXuBvgY.jpg","","<p><br></p>"
"afrodizyak","Afrodizyak","https://framerusercontent.com/images/bOiM345rR3ZUgiiJmrH4Fz0UJQ.jpg","","<p><br></p>"
"ağ-freziya","Ağ freziya","https://framerusercontent.com/images/pl62JU7hcQ6y6kXxSMnDlt86yk.jpg","","<p><br></p>"
"ağ-çiçəklər","Ağ çiçəklər","https://framerusercontent.com/images/qYkM3TU4enQwyO9HHk9b20ATkZo.jpg","","<p><br></p>"
"ağ-gilas","Ağ gilas","https://framerusercontent.com/images/vpfN3NN4e0hu97WoWhF6X6pO43E.jpg","","<p><br></p>"
"adenium-səhra-qızılgülü","Adenium (Səhra qızılgülü)","https://framerusercontent.com/images/hEkZvRQ579hneA67OFnKpyznX0.jpg","","<p><br></p>"
"absent","Absent","https://framerusercontent.com/images/SqiMqhw4Uo2wdbtJomJ5BBeFQ.jpg","","<p><br></p>"
"ağ-müşk","Ağ müşk","https://framerusercontent.com/images/CZPA87ex9uRBoNkB398JhLomSQ.jpg","","<p><br></p>"
"ağ-qarağat","Ağ qarağat","https://framerusercontent.com/images/0aCTFepv3Fk6vtgbHXpmhml4QU.jpg","","<p><br></p>"
"ağ-qızılgül","Ağ qızılgül","https://framerusercontent.com/images/abYkajqAYPeYrTTXUibvObgG8.jpg","","<p><br></p>"
"ağ-sidr","Ağ sidr","https://framerusercontent.com/images/LHu5nnOXwYgXGE6hZVs8vxPD9Rw.jpg","","<p><br></p>"
"ağ-şokolad","Ağ şokolad","https://framerusercontent.com/images/RGDf5Q8LJZGCCGnfF1JB7EBI.jpg","","<p><br></p>"
"ağac-notları","Ağac notları","https://framerusercontent.com/images/WMK7zxI2q2qvhM4vW5z0JpzbxQM.jpg","","<p><br></p>"
"albalı","Albalı","https://framerusercontent.com/images/6B4DdNHMUKHFNYQDVg1d7NbBJvY.jpg","","<p><br></p>"
"albalı-çiçəyi","Albalı çiçəyi","https://framerusercontent.com/images/yFfO70aY74Hhtfn7z4GES4IBo.jpg","","<p><br></p>"
"aldehidlər","Aldehidlər","https://framerusercontent.com/images/93ZZ4ud5h0NYQuq2aIQ8ZMSJH7U.jpg","","<p><br></p>"
"alma","Alma","https://framerusercontent.com/images/AVa1zfY13zFhLP0rjkMGlOPtK0.jpg","","<p><br></p>"
"aloe-vera","Aloe vera","https://framerusercontent.com/images/Z1RSZsPPh2aUojtQ0c3DYuh4L5E.jpg","","<p><br></p>"
"ambroksan","Ambroksan","https://framerusercontent.com/images/5tIzjI7VTxVRCMDdQ12nvNlihaQ.jpg","","<p><br></p>"
"ananas","Ananas","https://framerusercontent.com/images/4b7cMnI2XdXsMtt0e8ZbJt2bV98.jpg","","<p><br></p>"
"ananas-çiçəyi","Ananas çiçəyi","https://framerusercontent.com/images/6uLrcZwmdOWW3WaexNgusIWaxI.jpg","","<p><br></p>"
"armud","Armud","https://framerusercontent.com/images/sGx280SL7y8FuO8gEZUMp5AOhB8.jpg","","<p><br></p>"
"armud-ağacı","Armud ağacı","https://framerusercontent.com/images/smiCE9Xa4ditNr6flBcFFEtBbU.jpg","","<p><br></p>"
"armud-çiçəyi","Armud çiçəyi","https://framerusercontent.com/images/6bBuniMWMlhEf2YNAuvndbsqug.jpg","","<p><br></p>"
"armud-yarpağı","Armud yarpağı","https://framerusercontent.com/images/eJy2UwSRf7L9KSLtmiwaPsNTTE.jpg","","<p><br></p>"
"avokado","Avokado","https://framerusercontent.com/images/KC1JUpLRgr57YC7svbamrtaPzM.jpg","","<p><br></p>"
"badam","Badam","https://framerusercontent.com/images/yLheHvm2Dj6Ue1DJo9TYj8uVwk.jpg","","<p><br></p>"
"bal","Bal","https://framerusercontent.com/images/CCUcxXPm3e7JfrRbrmHTPdYko.jpg","","<p><br></p>"
"barıt","Barıt","https://framerusercontent.com/images/ZlGQwuDHwkhOfFJdEz0ZTPD0nn4.jpg","","<p><br></p>"
"benzoin","Benzoin","https://framerusercontent.com/images/Szw2PoTlLELYNpRxs1M6I4ciKSU.jpg","","<p><br></p>"
"berqamot","Berqamot","https://framerusercontent.com/images/L1A4Ob3ogenLPwjY7CpcnJnJg.jpg","","<p><br></p>"
"bolqar-qızılgülü","Bolqar qızılgülü","https://framerusercontent.com/images/7eh5QjMbq42A3DH9JjfvG9mefk.jpg","","<p><br></p>"
"boranı","Boranı","https://framerusercontent.com/images/FF6kVf6pOxgHcN4LNgXtJHHBC1k.jpg","","<p><br></p>"
"böyürtkən","Böyürtkən","https://framerusercontent.com/images/lWCSHJNQxl6N8vu3y4UMUO1uVUg.jpg","","<p><br></p>"
"böyürtkən-yarpağı","Böyürtkən yarpağı","https://framerusercontent.com/images/p1jXLzRiIqlOmHM298d7avj8WSg.jpg","","<p><br></p>"
"bənövşə","Bənövşə","https://framerusercontent.com/images/Q3PtZD8rz793BP2uHNeoBnglB8.jpg","","<p><br></p>"
"bənövşə-yarpağı","Bənövşə yarpağı","https://framerusercontent.com/images/VwaIWqYx96tUbggUba6MyClkbZ8.jpg","","<p><br></p>"
"qara-çay","Qara Çay","https://framerusercontent.com/images/zRurquaBQVwEQU7XkwcISUiOTgg.jpg","","<p><br></p>"
"çay-ağacı-melaleuka","Çay ağacı (Melaleuka)","https://framerusercontent.com/images/E4MYuPvc7Kg91iNahwsQaDko.jpg","","<p><br></p>"
"çöl-çiçəkləri","Çöl çiçəkləri","https://framerusercontent.com/images/9a4ZKxrgXMFCSPzFShQfRupL7Qw.jpg","","<p><br></p>"
"çəhrayı-istiot","Çəhrayı istiot","https://framerusercontent.com/images/ctacXZyYNGsMwYBusYD2q9tlxa4.jpg","","<p><br></p>"
"darçın","Darçın","https://framerusercontent.com/images/P57AU4pIQQgGhfU7h40mTZzxzA.jpg","","<p><br></p>"
"dondurma","Dondurma","https://framerusercontent.com/images/TzbBe6vSnLrOVnUHE24cLTC0HM.jpg","","<p><br></p>"
"duz","Duz","https://framerusercontent.com/images/iBxPAgefFK4qjscgLdwNJLnPZpY.jpg","","<p><br></p>"
"dəfnə-ekstraktı","Dəfnə ekstraktı","https://framerusercontent.com/images/D5Gof13L9hFjmttmO6Qib4Xs.jpg","","<p><br></p>"
"dəniz-suyu","Dəniz suyu","https://framerusercontent.com/images/9JZ0GQAlu3hRFpHWY4MTfY6vhKA.jpg","","<p><br></p>"
"dəniz-yosunu","Dəniz yosunu","https://framerusercontent.com/images/jZD0ypwvgym8jWQy0LwB5d4dnQ.jpg","","<p><br></p>"
"dəri","Dəri","https://framerusercontent.com/images/s5WTuMoZhzP9jzd7YiqhT5mAbZI.jpg","","<p><br></p>"
"fragonia","Fragonia","https://framerusercontent.com/images/ZaI8VMTRSERYmTvgom5OC8ou7UY.jpg","","<p><br></p>"
"fransa-qızılgülü","Fransa qızılgülü","https://framerusercontent.com/images/06m9A2OCfQdmPx25XUN8LLVbp0.jpg","","<p><br></p>"
"freziya","Freziya","https://framerusercontent.com/images/H6H5zQfb0Jpcb1ez0gApKRVw.jpg","","<p><br></p>"
"gicitkən","Gicitkən","https://framerusercontent.com/images/q9XclWAEb1r6hwToqj9ufoJUK4.jpg","","<p><br></p>"
"göyəm","Göyəm","https://framerusercontent.com/images/HN3KAMQsL6Pg82NaZM7Hbg86hE.jpg","","<p><br></p>"
"günəbaxan","Günəbaxan","https://framerusercontent.com/images/B2zf22GXqSgIjUmXE1Sz2O1jsg.jpg","","<p><br></p>"
"heyva","Heyva","https://framerusercontent.com/images/O3vK7YngTEvGKpiq4tHXCFedc8.jpg","","<p><br></p>"
"hil","Hil","https://framerusercontent.com/images/5O6WkNzBBN994MdD1IO5DPHalg.jpg","","<p><br></p>"
"hind-qozu","Hind qozu","https://framerusercontent.com/images/EAsPq8avdKZQrY7oyd58qW55AM.jpg","","<p><br></p>"
"hind-ədviyyatları","Hind ədviyyatları","https://framerusercontent.com/images/JD9srZq3z00Ru1QKlK9dflMncKk.jpg","","<p><br></p>"
"hortenziya","Hortenziya","https://framerusercontent.com/images/rT2bX2AFF0eO10hi169h1lDDGCA.jpg","","<p><br></p>"
"ilanq-ilanq","İlanq-İlanq","https://framerusercontent.com/images/HIdKwD1K04QFz9g1adf7LwvIg7U.jpg","","<p><br></p>"
"iso-e-super","Iso E Super","https://framerusercontent.com/images/QEWuBFmO0hq2EWsVjP5Ac1z4.jpg","","<p><br></p>"
"istiot","İstiot","https://framerusercontent.com/images/rhxPm0MSPsGXae2nVmnygScldnk.jpg","","<p><br></p>"
"itburnu","İtburnu","https://framerusercontent.com/images/kmpiDDNBS87F6WcDlXAg5GA48.jpg","","<p><br></p>"
"jasmin","Jasmin","https://framerusercontent.com/images/RnFdcudoek2laKiDuFxrIRA2jHc.jpg","","<p><br></p>"
"kakao-saplağı","Kakao saplağı","https://framerusercontent.com/images/tYF0KEkUCUE85IjQAxMJPpEBZE.jpg","","<p><br></p>"
"kaktus","Kaktus","https://framerusercontent.com/images/F7bYjytIwTzaaCzoCh04galzs.jpg","","<p><br></p>"
"kala-zantedeskiya","Kala (Zantedeskiya)","https://framerusercontent.com/images/dMdNuq01DX2NHKWIDdqJnoPJTmU.jpg","","<p><br></p>"
"kalon","Kalon","https://framerusercontent.com/images/fFlavlWRRcmTQH0zH8ga1DOihw.jpg","","<p><br></p>"
"kameliya","Kameliya","https://framerusercontent.com/images/FMiniRAQBXqjbycoRdAG6KG1NgM.jpg","","<p><br></p>"
"kapuçino","Kapuçino","https://framerusercontent.com/images/mP5RgNV8GUpQKy2gQYkzhh7R3Rc.jpg","","<p><br></p>"
"karamel","Karamel","https://framerusercontent.com/images/GYULRDD2gBAq7lPs6mzreHXwqGE.jpg","","<p><br></p>"
"keşniş","Keşniş","https://framerusercontent.com/images/zqXpIIbQWGELfcfH6svzGypYM.jpg","","<p><br></p>"
"kivi","Kivi","https://framerusercontent.com/images/bcdnEl8o1DfXTOoHBuxYjrIg7E.jpg","","<p><br></p>"
"kivi-çiçəyi","Kivi çiçəyi","https://framerusercontent.com/images/YTEzxEhUp6FfCRqqzWCkOGYf9s.jpg","","<p><br></p>"
"kokos","Kokos","https://framerusercontent.com/images/VaINiwgHnGegm1eomn2mfRvZ8uI.jpg","","<p><br></p>"
"kül","Kül","https://framerusercontent.com/images/Cm0u5kHRZhehk3k5tOFLX07bccc.jpg","","<p><br></p>"
"kumarin","Kumarin","https://framerusercontent.com/images/tig0SiJVe4EnER164xDHoxbBDhg.jpg","","<p><br></p>"
"kəhrəba","Kəhrəba","https://framerusercontent.com/images/KNqJ4vOOcDtU7nTjNSG3CtLsc.jpeg","","<p><br></p>"
"kəklikotu","Kəklikotu","https://framerusercontent.com/images/rsfthrLzbH1WKcV16IvOF5qHcQ4.jpg","","<p><br></p>"
"kətan","Kətan","https://framerusercontent.com/images/py3bhnfL1oUeLvfg6X1uS1npE.jpg","","<p><br></p>"
"labdanum","Labdanum","https://framerusercontent.com/images/90bvNsGzcZPSWnUZINYAk0cvbxc.jpg","","<p><br></p>"
"lalə-xaşxaş","Lalə (Xaşxaş)","https://framerusercontent.com/images/jemQ8jq6VOdizuaSEvk1L1RgHDQ.jpg","","<p><br></p>"
"lavanda","Lavanda","https://framerusercontent.com/images/Kx52LnQR9RsdSU2ueY4buGCb4.jpg","","<p><br></p>"
"laym","Laym","https://framerusercontent.com/images/JpYBjFznEC5WTB7LHbK05hMGcdY.jpg","","<p><br></p>"
"liçi","Liçi","https://framerusercontent.com/images/OK31dPqcAotDbICMXQPQ3LmePE.jpg","","<p><br></p>"
"limon","Limon","https://framerusercontent.com/images/SZb8nbAZ6qr0Klcks92FmDoM.jpg","","<p><br></p>"
"limon-ağacı","Limon ağacı","https://framerusercontent.com/images/IYrj73Rweyi4Xd04q6XzeZ2aTRA.jpg","","<p><br></p>"
"limon-çiçəyi","Limon çiçəyi","https://framerusercontent.com/images/oiMLvGNW51KrG0YQ4nsFXQXSEuo.jpg","","<p><br></p>"
"manqo","Manqo","https://framerusercontent.com/images/bsVq0KJMzmFWGi6mp0i7x4mKw8.jpg","","<p><br></p>"
"manqo-çiçəyi","Manqo çiçəyi","https://framerusercontent.com/images/yGIwBhIQmdeCPCgEyzmppfFFs.jpg","","<p><br></p>"
"maqnoliya","Maqnoliya","https://framerusercontent.com/images/VPc0f1RSpCCwfjGWfP5CtAtbfc.jpg","","<p><br></p>"
"marmelad","Marmelad","https://framerusercontent.com/images/95ixwAOsgvMlrq72WZXKpABLWk.jpg","","<p><br></p>"
"martini","Martini","https://framerusercontent.com/images/QRsxT07XC028Z0nFoSGwGnzUi4.jpg","","<p><br></p>"
"metal-notları","Metal notları","https://framerusercontent.com/images/b0zrmrHon5YG95v85iuBWKmd4w.jpg","","<p><br></p>"
"meyvə-notları","Meyvə notları","https://framerusercontent.com/images/DUkvkukPOKdb45v2BOhwWMRo.jpg","","<p><br></p>"
"mimoza","Mimoza","https://framerusercontent.com/images/kpTETz3p9uLIAD1Vf2RbMBv2a64.jpg","","<p><br></p>"
"minaçiçəyi-verbena","Minaçiçəyi (Verbena)","https://framerusercontent.com/images/psLeTpA26kCctA9GEszYsvCxU.jpg","","<p><br></p>"
"mixək","Mixək","https://framerusercontent.com/images/nbpJ6G1AgplDx8uayAAR3qrxREY.jpg","","<p><br></p>"
"moruq","Moruq","https://framerusercontent.com/images/TZ43fvYrSK7praHOM1K5mmpMVoM.jpg","","<p><br></p>"
"moruq-çiçəyi","Moruq çiçəyi","https://framerusercontent.com/images/tLR9cu4i9lawMpWr1nasPKDYBgs.jpg","","<p><br></p>"
"müşk","Müşk","https://framerusercontent.com/images/3pJkDVJW28IMbvIDolzpLtktvs.jpg","","<p><br></p>"
"müşk-sürvəsi-adaçayı","Müşk sürvəsi (Adaçayı)","https://framerusercontent.com/images/yB48UoO031DK8LRAE8LsB4CPIs.jpg","","<p><br></p>"
"nanə","Nanə","https://framerusercontent.com/images/i6iokywxJZGgxAYrm82UyiXBSY.jpg","","<p><br></p>"
"nar","Nar","https://framerusercontent.com/images/5svvYxIN43Pdb841nXeRGG99YA.jpg","","<p><br></p>"
"nar-çiçəyi","Nar çiçəyi","https://framerusercontent.com/images/ih41J6wTuxcWvnw3nDOBhdQ1UQ.jpg","","<p><br></p>"
"naringi-mandarin","Naringi (Mandarin)","https://framerusercontent.com/images/hQVTq0f95Ob3PG6CK7S8M8elUZ4.jpg","","<p><br></p>"
"naringi-mandarin-çiçəyi","Naringi (Mandarin) çiçəyi","https://framerusercontent.com/images/kh09dEfmYQCbi6raMqLSXyhn9k.jpg","","<p><br></p>"
"nektarin","Nektarin","https://framerusercontent.com/images/dwXCuYXHSQRxeUmMSq5YBA3ts.jpg","","<p><br></p>"
"neroli","Neroli","https://framerusercontent.com/images/ApNjiRbAwwktxC7XBVN1n6ugU.jpg","","<p><br></p>"
"nərgiz","Nərgiz","https://framerusercontent.com/images/ajgIy7qNhJnuszd5nmRyUjF4Cs.jpg","","<p><br></p>"
"massoia","Massoia","https://framerusercontent.com/images/jYzynLhbJIuHrMnnS5cBBRiRU0w.jpg","","<p><br></p>"
"oreqano-qaraqınıq","Oreqano (Qaraqınıq)","https://framerusercontent.com/images/qICmTmU4IfOFrTyAvO13ul95fck.jpg","","<p><br></p>"
"orxideya","Orxideya","https://framerusercontent.com/images/ZywM3IM2eqrY7tiIEvGOzVi7aBc.jpg","","<p><br></p>"
"osmantus","Osmantus","https://framerusercontent.com/images/MMeBVvRQZV9IyBfq5pPBuwHOTg4.jpg","","<p><br></p>"
"ot","Ot","https://framerusercontent.com/images/7Vb8T40CtPl3AVbQIzakhyJqIHA.jpg","","<p><br></p>"
"ozon-notları","Ozon notları","https://framerusercontent.com/images/3NqWHbzUvXJFTUnaT8021Gu16Kw.jpg","","<p><br></p>"
"paçuli","Paçuli","https://framerusercontent.com/images/0atQapUt8wFK3xNr81PUFlAQDE.jpg","","<p><br></p>"
"palıd","Palıd","https://framerusercontent.com/images/QamLD5ODv8scQ4QEhr4wzoKLuM.jpg","","<p><br></p>"
"palıd-mamırı","Palıd mamırı","https://framerusercontent.com/images/OCje9WFFzg2xe1rkHKmO1ghtGTE.jpg","","<p><br></p>"
"papaya","Papaya","https://framerusercontent.com/images/SPHEjFxTFrlNZyAnkXSRY0UrZuo.jpg","","<p><br></p>"
"papirus","Papirus","https://framerusercontent.com/images/KixPwMbU9wyvWV4ABIh0IrxsEc.jpg","","<p><br></p>"
"pion","Pion","https://framerusercontent.com/images/S3JwclcBgyqIFZt25BuX5uKYoDc.jpg","","<p><br></p>"
"portağal","Portağal","https://framerusercontent.com/images/MKsvuNayNk4MNPraWwjF7jLVM3k.jpg","","<p><br></p>"
"portağal-çiçəyi","Portağal çiçəyi","https://framerusercontent.com/images/ZsSW5vIPbzAZvlbXcKa2kzPk.jpg","","<p><br></p>"
"pudra-notları","Pudra notları","https://framerusercontent.com/images/XWUX2ECs7G69rbjPIZMD7KLzaB8.jpg","","<p><br></p>"
"qan-portağalı","Qan portağalı","https://framerusercontent.com/images/9hwfpl44yGEHmV8QA9DhCBnwqM.jpg","","<p><br></p>"
"qara-istiot","Qara istiot","https://framerusercontent.com/images/D410GD13RwYRM7TEp2UQyTOXHE0.jpg","","<p><br></p>"
"qara-orxideya","Qara orxideya","https://framerusercontent.com/images/eGykLE9wSehHBJfWBvXfAI9JM.jpeg","","<p><br></p>"
"qara-qarağat-çiçəyi","Qara qarağat çiçəyi","https://framerusercontent.com/images/AchD1lkbQ4GruUygFiKUy35j8P4.jpg","","<p><br></p>"
"qara-qarağat-yarpağı","Qara qarağat yarpağı","https://framerusercontent.com/images/LCs307LwUR7Ou9TXU5ATJG9mvgQ.jpg","","<p><br></p>"
"qara-şam-ağacı","Qara şam ağacı","https://framerusercontent.com/images/GZnvF5cwWKnLvaAF7R7RwBnG7g.jpg","","<p><br></p>"
"qardeniya","Qardeniya","https://framerusercontent.com/images/1hSVGNreLb1wm3zzpGEbW5Xg4zw.jpg","","<p><br></p>"
"qarpız","Qarpız","https://framerusercontent.com/images/7elKOOmqN2wdlCUOGKnts12T1yM.jpg","","<p><br></p>"
"qaymaq","Qaymaq","https://framerusercontent.com/images/BGJq7nsUIHmfmTcT2GIAGzzmTI4.jpg","","<p><br></p>"
"qırmızı-alma","Qırmızı alma","https://framerusercontent.com/images/s73lQcFW0pXODg3jaFbUBzYM.jpg","","<p><br></p>"
"qırmızı-giləmeyvələr","Qırmızı giləmeyvələr","https://framerusercontent.com/images/RkwUEaeZ7rXHrBVa6fHg0yvu4.jpg","","<p><br></p>"
"qırmızı-qarağat","Qırmızı qarağat","https://framerusercontent.com/images/01tGMAqpLXOeMLiUlxRD6rNPzjM.jpg","","<p><br></p>"
"qırmızı-şərab","Qırmızı şərab","https://framerusercontent.com/images/Sh0b7QKS15byzHsj9DXb71iByIc.jpg","","<p><br></p>"
"qırmızı-yosun","Qırmızı yosun","https://framerusercontent.com/images/whkFrWDCEjHcUvhC1Bc6sDEOeE.jpg","","<p><br></p>"
"qızılgül","Qızılgül","https://framerusercontent.com/images/btBf3zapKyortqVP2g26zYGoiyM.jpg","","<p><br></p>"
"qreyfrut","Qreyfrut","https://framerusercontent.com/images/K65FwUtoKzllID4uPaWsXS2BkA.jpg","","<p><br></p>"
"qreyfrut-çiçəyi","Qreyfrut çiçəyi","https://framerusercontent.com/images/H6b1QIkSICq4Rnoa6GHBgyGrIPQ.jpg","","<p><br></p>"
"quru-meyvələr","Quru meyvələr","https://framerusercontent.com/images/WmR60Zx1NzoQDLrXOb9RsIAaSI.jpg","","<p><br></p>"
"qəhvə","Qəhvə","https://framerusercontent.com/images/ou4OewDIkMGlgPCdApT65G5Jxm0.jpg","","<p><br></p>"
"qəhvə-ağacının-çiçəyi","Qəhvə ağacının çiçəyi","https://framerusercontent.com/images/tah5TafIzs6YtaIJDI6gDIUM.jpg","","<p><br></p>"
"reyhan","Reyhan","https://framerusercontent.com/images/b2WPQtGkW1YWZwGTG2DuCr2hUP0.jpg","","<p><br></p>"
"rom","Rom","https://framerusercontent.com/images/Xmt3kgQ1pKvXinxX7EirIqabyf4.jpg","","<p><br></p>"
"rozmarin","Rozmarin","https://framerusercontent.com/images/eRwQerwiwk0nilsEttfqAqvafTA.jpg","","<p><br></p>"
"şabalıd","Şabalıd","https://framerusercontent.com/images/uvpJQlE1MITNhRJ60mK9WwofDjs.jpg","","<p><br></p>"
"şaftalı","Şaftalı","https://framerusercontent.com/images/6ncDTmnr52dEaeShFBU9ANyDK68.jpg","","<p><br></p>"
"şaftalı-çiçəyi","Şaftalı çiçəyi","https://framerusercontent.com/images/7QtFGIO7em1hBqu1NdW3OuCY0k.jpg","","<p><br></p>"
"şam-ağacı","Şam ağacı","https://framerusercontent.com/images/o5ixAkyDN8kItzbuWTMyLxr8spI.jpg","","<p><br></p>"
"saman","Saman","https://framerusercontent.com/images/SJJk2fVTjh1zEUjbBowBDmbMh4.jpg","","<p><br></p>"
"sarı-moruq","Sarı moruq","https://framerusercontent.com/images/rdkmwd0iDTCV7ICbMAu52Xcfb2k.jpg","","<p><br></p>"
"sarıkök","Sarıkök","https://framerusercontent.com/images/5jmMBYak1a22OdBqrWAV5e2nNw.jpg","","<p><br></p>"
"sidr","Sidr","https://framerusercontent.com/images/7epxpwcOA6iIqDnT56zxjaR2EvI.jpg","","<p><br></p>"
"şirin-notlar","Şirin notlar","https://framerusercontent.com/images/IzbW7upUgBG259RkJYQJ4w3mXYA.jpg","","<p><br></p>"
"şirinbiyan","Şirinbiyan","https://framerusercontent.com/images/0F3yZwaUSkJvl8ggTQSf3ES3Syk.jpg","","<p><br></p>"
"şirniyyat","Şirniyyat","https://framerusercontent.com/images/zRuxCJEs75O2wKcqruf2eIRRPs.jpg","","<p><br></p>"
"sitrus","Sitrus","https://framerusercontent.com/images/gnP1HBc7xJIsWaKhth91vxD7I.jpg","","<p><br></p>"
"şokolad-gülü","Şokolad gülü","https://framerusercontent.com/images/s6TjPyZ22EZmiAOTAz8ZtzeaDPE.jpg","","<p><br></p>"
"su-sünbülçiçəyi","Su sünbülçiçəyi","https://framerusercontent.com/images/bpYFNXvQSUuSL6QiQRdjHBPovs.jpg","","<p><br></p>"
"süd","Süd","https://framerusercontent.com/images/2hdoMWRjyRky6RMBfLqs6i6QTQ.jpg","","<p><br></p>"
"sürvə","Sürvə","https://framerusercontent.com/images/kyd4Ij1bPIG31PXINDpddXlh3mA.jpg","","<p><br></p>"
"süsən","Süsən","https://framerusercontent.com/images/fYd2qKfiquR8vEb3FDQ6uXYMg.jpg","","<p><br></p>"
"süsən-kökü","Süsən kökü","https://framerusercontent.com/images/901SM4tGsbaEmuZZZ220fp7QfQs.jpg","","<p><br></p>"
"suzanbağı","Suzanbağı","https://framerusercontent.com/images/fYKfAIEHdxDpFXUozaSig3pUMs.jpg","","<p><br></p>"
"şəkər","Şəkər","https://framerusercontent.com/images/eZJBGhFsFIm8x7vxM3TNNqIpU.jpg","","<p><br></p>"
"səndəl","Səndəl","https://framerusercontent.com/images/IY8Wv6fJzE7eehDgFYJHpHFwqM.jpg","","<p><br></p>"
"səndəl-ağacı","Səndəl ağacı","https://framerusercontent.com/images/R5sYJ0Jr71Y3KNMnKC6CHyG789g.jpg","","<p><br></p>"
"şərq-notları","Şərq notları","https://framerusercontent.com/images/lAP32D1uzgOC4ItpaKBrSRtrg.jpg","","<p><br></p>"
"tonka-lobyası","Tonka lobyası","https://framerusercontent.com/images/oFTKey3QdEdfRbvlapZKtZj74g.jpg","","<p><br></p>"
"trüfel-trüf-göbeleyi","Trüfel (Trüf göbeleyi)","https://framerusercontent.com/images/AFnQP0hQQygR7XxNH5GvmuC0Y.jpg","","<p><br></p>"
"tuberoza","Tuberoza","https://framerusercontent.com/images/QBWnubNq12lOqBCHgupp5YN2ja8.jpg","","<p><br></p>"
"tünd-şokolad","Tünd şokolad","https://framerusercontent.com/images/H7viRtcwY5T2mSLP7FIZuJng8.jpg","","<p><br></p>"
"türk-qızılgülü","Türk qızılgülü","https://framerusercontent.com/images/48N7ZPGEHITbCLO8kZYQVKHsabs.jpg","","<p><br></p>"
"tüstü","Tüstü","https://framerusercontent.com/images/nWQjCgLp0KZRPyejMBl1IV1Xuew.jpg","","<p><br></p>"
"tut","Tut","https://framerusercontent.com/images/qEE77hmY6WRc2xUlnqdoqlqGurU.jpg","","<p><br></p>"
"tütün","Tütün","https://framerusercontent.com/images/bOFPdelytxgfr2LAtdmy1iXc5k.jpg","","<p><br></p>"
"tütün-çiçəyi","Tütün çiçəyi","https://framerusercontent.com/images/vfUyYiowUL52UW4X4f4A5BK3A8.jpg","","<p><br></p>"
"tütəkotu","Tütəkotu","https://framerusercontent.com/images/N9FosU9iaLvNH0SOL3wwzPiH9EY.jpg","","<p><br></p>"
"tərxun","Tərxun","https://framerusercontent.com/images/gYCikFFgQ2i1pkWnjX2cbhV63Q.jpg","","<p><br></p>"
"üzüm","Üzüm","https://framerusercontent.com/images/U6kiExVgrb8eANk6AlwxFrUo7ZU.jpg","","<p><br></p>"
"üzüm-yarpağı","Üzüm yarpağı","https://framerusercontent.com/images/aJGi5sN5DGc3y0xTyOaxcxVQq0.jpg","","<p><br></p>"
"vanil","Vanil","https://framerusercontent.com/images/Wfmqrkc85KosMK3si1pJrsvY.jpg","","<p><br></p>"
"vetivera","Vetivera","https://framerusercontent.com/images/CUOBTBHiH5WEPMwzBpu9XwbZSSE.jpg","","<p><br></p>"
"viski","Viski","https://framerusercontent.com/images/QGv5ewX2ZdUPRKfIAa8u9xVc03M.jpg","","<p><br></p>"
"xiyar","Xiyar","https://framerusercontent.com/images/NeoJX3OXUKTO16EiJP7xvOas9kc.jpg","","<p><br></p>"
"xurma","Xurma","https://framerusercontent.com/images/J0yWfOJ4Z3fQIqNZcfpOL9lYKas.jpg","","<p><br></p>"
"yabanı-çiyələk","Yabanı çiyələk","https://framerusercontent.com/images/lujI8aYpXmQZDGxo7rya6nUIsR0.jpg","","<p><br></p>"
"yaşıl-bibər","Yaşıl bibər","https://framerusercontent.com/images/992Svp3XxgnPu05w4FrnvYv4Q.jpg","","<p><br></p>"
"yaşıl-çay","Yaşıl çay","https://framerusercontent.com/images/zjUKZOzR3siGYYOQjlYXDtdK34.jpg","","<p><br></p>"
"yaşıl-notlar","Yaşıl notlar","https://framerusercontent.com/images/U5S77ttpZoK3imy012GQCHJcs.jpg","","<p><br></p>"
"yasəmən","Yasəmən","https://framerusercontent.com/images/7fflARpO6Jpkyv8XomAy5CGc0U.jpg","","<p><br></p>"
"yemiş","Yemiş","https://framerusercontent.com/images/PTafXD4xIyUxxaWcGA491tA.jpg","","<p><br></p>"
"yerkökü","Yerkökü","https://framerusercontent.com/images/7lgrWaX9z2FGadYQm2Xy26w8.jpg","","<p><br></p>"
"yovşan-artemisia","Yovşan (Artemisia)","https://framerusercontent.com/images/E0G2D8twzsvDv9JnDsssVSGhYn0.jpg","","<p><br></p>"
"zanbaq","Zanbaq","https://framerusercontent.com/images/1GrwSDuhWD3NrohKYDD7wIpTvI.jpg","","<p><br></p>"
"zeytun","Zeytun","https://framerusercontent.com/images/tspDdocmJk4F1VFTF4ZEsDBlwuw.jpg","","<p><br></p>"
"zeytun-çiçəyi","Zeytun çiçəyi","https://framerusercontent.com/images/OlYmOlFmrcBfb1MdlBecwzx0jMw.jpg","","<p><br></p>"
"zirinc","Zirinc","https://framerusercontent.com/images/NNHT4L6da2i0pOzcSUYtPKsS8bM.jpg","","<p><br></p>"
"zirə","Zirə","https://framerusercontent.com/images/RvG9tz43XoIEX5CLwLT3aU3dqs.jpg","","<p><br></p>"
"zəfəran","Zəfəran","https://framerusercontent.com/images/88p3UD8fuvjk5wc6iZHHxOjOaQ.jpg","","<p><br></p>"
"zəncəfil","Zəncəfil","https://framerusercontent.com/images/ueT5BQxGT0amK1tzVpudwTH4.jpg","","<p><br></p>"
"ədviyyatlar","Ədviyyatlar","https://framerusercontent.com/images/W7QMXJtsCxAyATmlvoWFGg0DTjs.jpg","","<p><br></p>"
"ədviyyatlı-notlar","Ədviyyatlı notlar","https://framerusercontent.com/images/zx4ZSDF0d12VLCKGiZtdvnu8NLU.jpg","","<p><br></p>"
"ənbər","Ənbər","https://framerusercontent.com/images/J9nAbis7g7hwNOfb4CvFec2TK1I.jpg","","<p><br></p>"
"əncir","Əncir","https://framerusercontent.com/images/OTkUcXKjbM3QAN6LyJN8HuUV3w.jpg","","<p><br></p>"
"ərik","Ərik","https://framerusercontent.com/images/xmTHLQVLGybilfy0XB7UCWfEBfo.jpg","","<p><br></p>"
"ərəb-jasmini","Ərəb jasmini","https://framerusercontent.com/images/ftkKjjXuJyt8pRNlytc67NlVI0.jpg","","<p><br></p>"
"ətirşah","Ətirşah","https://framerusercontent.com/images/2vNfxa8UuAQZ9zJmWWNfiMHvg.jpg","","<p><br></p>"
"geliotrop","Geliotrop","https://framerusercontent.com/images/vDSkZgD66acf8iNLX32kiGM.jpg","","<p><br></p>"
"yemişan","Yemişan","https://framerusercontent.com/images/5HKcboSNyW9inOoFlQkq8xF6RU.jpg","","<p><br></p>"
"hedion","Hedion","https://framerusercontent.com/images/3exaxxO5Mn7scQppkbtueDqDw8.jpg","","<p><br></p>"
"fındıq","Fındıq","https://framerusercontent.com/images/rvFUDPSjDBjhsass0fgHnyhaAU.jpg","","<p><br></p>"
"yaşıl-alma","Yaşıl alma","https://framerusercontent.com/images/Ts96vLcGaqf4KijwtF15I3AJpQ.jpg","","<p><br></p>"
"şirin-pambıq","Şirin pambıq","https://framerusercontent.com/images/bupsnBs5sGPTK16VQdRKNvAqeU.jpg","","<p><br></p>"
"muskat","Muskat","https://framerusercontent.com/images/rXvTwykIUCzBqRZuVUhJWNc37zU.jpg","","<p><br></p>"
"boz-ənbər","Boz ənbər","https://framerusercontent.com/images/aThvb1ZYg6b4YtO3b365egkA.jpg","","<p><br></p>"
"tiare","Tiare","https://framerusercontent.com/images/LVVe4dCt0tKE5NrZS1v1eD0mO7o.jpg","","<p><br></p>"
"praline","Praline","https://framerusercontent.com/images/6E6CH7aXt1hkbmLIlR14OSk.jpg","","<p><br></p>"
"qalbanum","Qalbanum","https://framerusercontent.com/images/KBGopLvYbpXy4wpjbFZZ8W5rbOY.jpg","","<p><br></p>"
"rəvənd","Rəvənd","https://framerusercontent.com/images/uXOjxylyizveh77WdyIpfHghA.jpg","","<p><br></p>"
"yuzu","Yuzu","https://framerusercontent.com/images/zjbx8YwNZf1CNx0oiYTmBdVjgIs.jpg","","<p><br></p>"
"opoponaks","Opoponaks","https://framerusercontent.com/images/SyTXJ17fgWbeEWY6WE7m80yL24.jpg","","<p><br></p>"
"şanagüllə","Şanagüllə","https://framerusercontent.com/images/QuXesyeTylyJbHTTJmRroVjujQ.jpg","","<p><br></p>"
"çobanyastığı","Çobanyastığı","https://framerusercontent.com/images/vlGNFUQz5XNUI4ZoMPXurUu904.jpg","","<p><br></p>"
"ardıc","Ardıc","https://framerusercontent.com/images/9HRkRmK0Mxdp4HJkF8f1q1SyYJM.jpg","","<p><br></p>"
"siklamen","Siklamen","https://framerusercontent.com/images/RPUfnhjchwGPveePJxHkTnwVK0.jpg","","<p><br></p>"
"naqarmota-girdə-topalaq","Naqarmota (Girdə topalaq)","https://framerusercontent.com/images/oc3M5VlO3FfP6qdbINsgrrn5UA.jpg","","<p><br></p>"
"gavalı","Gavalı","https://framerusercontent.com/images/ddLOLfv7YikjGVoBy6alVaIBKzU.jpg","","<p><br></p>"
"çiyələk-yarpağı","Çiyələk yarpağı","https://framerusercontent.com/images/jJ6w8QIIIrEvkke5thbrXJVXck.jpg","","<p><br></p>"
"maxaqon-qırmızı-ağac","Maxaqon (Qırmızı ağac)","https://framerusercontent.com/images/dV6dEFV4v6rRILjWJtJVVUtVNI.jpg","","<p><br></p>"
"palisandr-çəhrayı-ağac","Palisandr (Çəhrayı Ağac)","https://framerusercontent.com/images/A9Jo2Kn5GAv6XzLPeVGoELtOm9w.jpg","","<p><br></p>"
"damask-qızılgülü","Damask qızılgülü","https://framerusercontent.com/images/wBI0gohu9aOTG1P2L8tEJWZAyE.jpg","","<p><br></p>"
"qərənfil","Qərənfil","https://framerusercontent.com/images/RnvA7zFjyNu1rYKRhMvdAbYHE.jpg","","<p><br></p>"
"amarillis","Amarillis","https://framerusercontent.com/images/0virh14iujZeK8H7ZY14zd5ttSA.jpg","","<p><br></p>"
"kaşmir-ağacı","Kaşmir ağacı","https://framerusercontent.com/images/1z5gAoJUVf32VRmYZmMdJf9cnm8.jpg","","<p><br></p>"
"kakao","Kakao","https://framerusercontent.com/images/tWLFnqzIW0SuOCu1S5KshhzA.jpg","","<p><br></p>"
"aqar-ağacı-ud","Aqar ağacı (Ud)","https://framerusercontent.com/images/w2YN52zhqSNIljXHSdol00NsEt0.jpg","","<p><br></p>"
"mirra","Mirra","https://framerusercontent.com/images/A4G4ksW8TLI6KUJZhBeWhofMJxY.jpg","","<p><br></p>"
"ağ-istiot","Ağ istiot","https://framerusercontent.com/images/3GydYluFQodhy8hN1ExGHyPAwBY.jpeg","","<p><br></p>"
"aromatik-notlar","Aromatik notlar","https://framerusercontent.com/images/IlwvqSwrAQ2EsrYtl86dgMwuiTI.jpg","","<p><br></p>"
"siçuan-çin-istiotu","Siçuan istiotu","https://framerusercontent.com/images/4qoBh3E9eVQUjIqURjz9PPeOXg.jpg","","<p><br></p>"
"petitgreyn-sitrus-yarpağı","Petitgreyn (sitrus yarpağı)","https://framerusercontent.com/images/yRjRTKa2alF8wNWr6OMzCga0Fs.jpg","","<p><br></p>"
"qırmızı-bibər","Qırmızı bibər","https://framerusercontent.com/images/cxCqxcnnfRE9xw349UBN4mvz8.jpg","","<p><br></p>"
"quayak-ağacı","Quayak ağacı","https://framerusercontent.com/images/8oNwt1qI4qI490ftzcYuwmKLI.jpg","","<p><br></p>"
"pimento","Pimento","https://framerusercontent.com/images/CcTI8NdSWvKg5SSsEPY8FdiPxhg.jpg","","<p><br></p>"
"akasiya-balı","Akasiya balı","https://framerusercontent.com/images/dzKlb6yTMeE9m6FnpzxZ8BCiWxQ.jpg","","<p><br></p>"
"gecə-qadını-çiçəyi","Gecə Qadını Çiçəyi","https://framerusercontent.com/images/hPaSFfScobvwfTMCQAwPONPhJLw.jpg","","<p><br></p>"
"cökə-çiçəyi","Cökə çiçəyi","https://framerusercontent.com/images/dp4qTwCLw8aMJsyA7Cjb49uASqs.jpg","","<p><br></p>"
"toffi-iris-konfeti","Toffi (İris konfeti)","https://framerusercontent.com/images/X56Crv5JrD9dpBcgucc8jEfb0Y.jpg","","<p><br></p>"
"aromatik-ədviyyatlar","Aromatik ədviyyatlar","https://framerusercontent.com/images/CdGMGrgzGeKKnAbGMe9Bf6Rs.jpg","","<p><br></p>"
"çiçək-notları","Çiçək notları","https://framerusercontent.com/images/yDSYWUMRIuK3hBPzyaeiFkdH2c.jpg","","<p><br></p>"
"toz-notları","Toz notları","https://framerusercontent.com/images/Nqgw272M8QwANOV0EbCui741C80.png","","<p><br></p>"
"çətənə-kənaf-kannabis","Çətənə (Kənaf, Kannabis)","https://framerusercontent.com/images/8BSb3MtjGlh6rz69NffZIMaTK8.jpg","","<p><br></p>"
"dağ-havası","Dağ havası","https://framerusercontent.com/images/k2V3jCPG6ErlJ2opTyW1Yw5k.jpg","","<p><br></p>"
"günəş-notları","Günəş notları","https://framerusercontent.com/images/wNM1LAWhHgAceqEpbO2c2v66I1M.jpg","","<p><br></p>"
"likör","Likör","https://framerusercontent.com/images/S4nV7aujqRH8xaOCaeoiYPJgpA.jpg","","<p><br></p>"
"peru-balzamı","Peru balzamı","https://framerusercontent.com/images/xW5FIgK4UFfSballUC9uPZb4zI.jpg","","<p><br></p>"
"əncir-ağacı","Əncir ağacı","https://framerusercontent.com/images/OuNbtHTpziOr2fx1zccDCkuaItw.jpg","","<p><br></p>"
"qətranlar","Qətranlar","https://framerusercontent.com/images/6gAsUUfk4ISAMMstkzOK93dx6u8.jpg","","<p><br></p>"
"eben-ağacı","Eben ağacı","https://framerusercontent.com/images/9tB9Of8NdCKYhWpKO4EJ9LaYU0.jpg","","<p><br></p>"
"amiris","Amiris","https://framerusercontent.com/images/c1FzfXJBBoSURKO094cfFN6VAnU.jpg","","<p><br></p>"
"hindistan-zəfəran","Hindistan zəfəran","https://framerusercontent.com/images/tIq2xdMXWPmvA9CfV4zms5BrSGs.jpg","","<p><br></p>"
"mərakeş-qızılgülü","Mərakeş qızılgülü","https://framerusercontent.com/images/CYINIeCWTjss8iYvQwK1dsCtZ2U.jpg","","<p><br></p>"
"misir-jasmini","Misir jasmini","https://framerusercontent.com/images/EazeUmpTfNAmtTRt3Clg0NKiQA8.jpg","","<p><br></p>"
"inciçiçəyi","İnciçiçəyi","https://framerusercontent.com/images/eGKKrVg4ttigFstNGcX42o78tuE.jpg","","<p><br></p>"
"amaretto","Amaretto","https://framerusercontent.com/images/ZQDA1seE7qbFGVhICHJ1x8C6HsU.jpg","","<p><br></p>"
"çəhrayı-oleandr","Çəhrayı oleandr","https://framerusercontent.com/images/pgsZ0CRP6YIpFu3IfSwb3JxFo.jpg","","<p><br></p>"
"büxur-ladan","Büxur (ladan)","https://framerusercontent.com/images/0WfDnSQXXpEGvIjwQvNxx99X0c.jpg","","<p><br></p>"
"kade-yağı","Kade yağı","https://framerusercontent.com/images/tm48OnTdHkiwygUkw7nIyAj4i34.jpg","","<p><br></p>"
"biyan","Biyan","https://framerusercontent.com/images/0F3yZwaUSkJvl8ggTQSf3ES3Syk.jpg","","<p><br></p>"
"kopahu-balzamı","Kopahu Balzamı","https://framerusercontent.com/images/qrf6VeN7qKIOCIMJa6bc0bzvY4.jpg","","<p><br></p>"
"elemi","Elemi","https://framerusercontent.com/images/74npLC34MgUbK6zYJQi1fjGX4M.jpg","","<p><br></p>"
"haiti-vetiveri","Haiti vetiveri","https://framerusercontent.com/images/vP2yv7bn79mMlIpQVLx4Ufg1UoI.jpg","","<p><br></p>"
"origano","Origano","https://framerusercontent.com/images/qICmTmU4IfOFrTyAvO13ul95fck.jpg","","<p><br></p>"
"ödotu","Ödotu","https://framerusercontent.com/images/9fnTXoQ5z0xi2qgMKSUXXo7KdCQ.jpg","","<p><br></p>"
"gülümbahar","Gülümbahar","https://framerusercontent.com/images/zFmyNHhs7oyLs8JXeunJZcVUE.jpg","","<p><br></p>"
"qoz","Qoz","https://framerusercontent.com/images/lvJ3nTzzxso4Z3pX8SHSG79zz1o.jpg","","<p><br></p>"
"qvayak-ağacı","Qvayak Ağacı","https://framerusercontent.com/images/6vWje2StoBG5IFs7xDcT8wadVLQ.jpg","","<p><br></p>"
"kastoreum","Kastoreum","https://framerusercontent.com/images/XGokIMtemUvVT51zR5ywgaSIQ0E.jpg","","<p><br></p>"
"stiraks","Stiraks","https://framerusercontent.com/images/GYXrCrR4YLoMl4eaTiwXwJheqNI.jpg","","<p><br></p>"
"mamır","Mamır","https://framerusercontent.com/images/uHa4nmFSch128rOUr7xnVrBaqf0.jpg","","<p><br></p>"
"tozağacı-qatranı","Tozağacı qatranı","https://framerusercontent.com/images/KVkDLULTUTToJbIgx57Q0kjwghE.jpg","","<p><br></p>"
"konyak","Konyak","https://framerusercontent.com/images/91AR2rkWjc7dflfOkHuJJuDT4VU.jpg","","<p><br></p>"
"mastika","Mastika","https://framerusercontent.com/images/3Ym5TDbjCd1HeDvhF1ZbzXfHQE.jpg","","<p><br></p>"
"heyvan-notları","Heyvan notları","https://framerusercontent.com/images/DMC2upibevf0470xZ6Uc7NeH5UE.jpg","","<p><br></p>"
"payızgülü","Payızgülü","https://framerusercontent.com/images/ZG8RtyHejpUfkGyKjVawwsWvQqE.jpg","","<p><br></p>"
"buzlu-limon","Buzlu Limon","https://framerusercontent.com/images/Vc7DsxsGYe06g6cmQjPB2DUQSHk.jpg","","<p><br></p>"
"pomelo","Pomelo","https://framerusercontent.com/images/nzTqSGsx2inznHIHF7S4d2pvAs.jpg","","<p><br></p>"
"bambuk","Bambuk","https://framerusercontent.com/images/L8tZPyFnD0DaFraOV7qnBF1rLA.jpg","","<p><br></p>"
"calabrian-berqamotu","Calabrian berqamotu","https://framerusercontent.com/images/raOQZgK9wYebuyaOT2ykxkWk.jpg","","<p><br></p>"
"qara-qarağat","Qara qarağat","https://framerusercontent.com/images/jHuRI3F1I8k0hW1AGd52ArVfXCo.jpg","","<p><br></p>"
"giləmeyvələr","Giləmeyvələr","https://framerusercontent.com/images/2Wqe8bCNgUKAdeJn8UJfDKQbaA.jpg","","<p><br></p>"
"stefanotis","Stefanotis","https://framerusercontent.com/images/f0oSn467Y9e569UYx1sGYlV4pCU.jpg","","<p><br></p>"
"strelitzia","Strelitzia","https://framerusercontent.com/images/QTizItshPbkaqKsLPCZBDGCGzIc.jpg","","<p><br></p>"
"mərcanı","Mərcanı","https://framerusercontent.com/images/q0AVd0xDIkheiVBmDc8FXOede0.jpg","","<p><br></p>"
"frangipani","Frangipani","https://framerusercontent.com/images/YsrY0fsOUdVYxddbVAnaVHafug.jpg","","<p><br></p>"
"amalfi-limonu","Amalfi Limonu","https://framerusercontent.com/images/GcaWYssdGMgcTtO1v2DQLK2y8.jpg","","<p><br></p>"
"qvatemala-hili","Qvatemala hili","https://framerusercontent.com/images/fc6lhCJAEAhoTIKEozAoaRxsU0.jpg","","<p><br></p>"
"marakuyya","Marakuyya","https://framerusercontent.com/images/CQUK5wBExY8HrVUveojY602E.jpg","","<p><br></p>"
"sərv","Sərv","https://framerusercontent.com/images/NO50syfmVR1Wg4lZF8L6gC8Xvw.jpg","","<p><br></p>"
"yabanı-giləmeyvələr","Yabanı giləmeyvələr","https://framerusercontent.com/images/jCJHXcfOj0oiUmf9iiyyRNmZU.jpg","","<p><br></p>"
"meşə-notları","Meşə notları","https://framerusercontent.com/images/ZUz4FB0MnnjmhxfvjJwobHpAxQ.jpg","","<p><br></p>"
"klementin","Klementin","https://framerusercontent.com/images/fXPQsBcmSmjmveWibOpZ0tv1o.jpg","","<p><br></p>"
"püstə","Püstə","https://framerusercontent.com/images/bth8OrIY9jHQ5R7UR9cCwbZog.jpg","","<p><br></p>"
"arı-mumu","Arı mumu","https://framerusercontent.com/images/odcgKZLz1nkgaT71Ybke3gP8.jpg","","<p><br></p>"
"sibir-şamı","Sibir şamı","https://framerusercontent.com/images/GZnvF5cwWKnLvaAF7R7RwBnG7g.jpg","","<p><br></p>"
"paçuli-yarpağı","Paçuli yarpağı","https://framerusercontent.com/images/npRVmpgWqGrV5S47usd5TnHlJU.jpg","","<p><br></p>"
"küknar","Küknar","https://framerusercontent.com/images/mhNMHzPDLSV6UC0OCYxxV6hPLQ.jpg","","<p><br></p>"
"çiyələk","Çiyələk","https://framerusercontent.com/images/uugSSk7X1Vrw3BrX3PS138YV5o.jpg","","<p><br></p>"
"himalay-sidri","Himalay sidri","https://framerusercontent.com/images/ZrabKlsN4fZdWu6LVH0mILDET9A.jpg","","<p><br></p>"
"virciniya-sidri","Virciniya Sidri","https://framerusercontent.com/images/s6oqNtPCeraTZbYUcm2ubscmVsc.jpg","","<p><br></p>"
"şəkər-qamışı","Şəkər qamışı","https://framerusercontent.com/images/xetvImVlASI93zQKYPqLFOlmDw.jpg","","<p><br></p>"
"ətirli-güllücə","Ətirli güllücə","https://framerusercontent.com/images/JGwDGbweSzsu9xUxXvhj7F49jw.jpg","","<p><br></p>"
"may-qızılgülü","May  Qızılgülü","https://framerusercontent.com/images/Bhd9TFnbBgSlI8PNfiV4gH6nu6I.jpg","","<p><br></p>"
"əspərək","Əspərək","https://framerusercontent.com/images/AdlOxswYITqG5JBZ9npXSTGdpA.jpg","","<p><br></p>"
"sünbülçiçək","Sünbülçiçək","https://framerusercontent.com/images/UfSREQ8IV7s9NQ1vscyG4iAOo.jpg","","<p><br></p>"
"pambıq-çiçəyi","Pambıq çiçəyi","https://framerusercontent.com/images/SyGggPByrNymGNW0bxsbc3o1Q4.jpg","","<p><br></p>"
"kaktus-suyu","Kaktus suyu","https://framerusercontent.com/images/b3yHIpBTl2dSlxDC1slbUQCWlM.jpg","","<p><br></p>"
"limnofila-ambuliya","Limnofila (Ambuliya)","https://framerusercontent.com/images/5MqZlc0pgUpc8hNL49JDmavDYU.jpg","","<p><br></p>"
"kalamondin","Kalamondin","https://framerusercontent.com/images/usAgwJEhH9ijtjrUKw26bYZAuEM.jpg","","<p><br></p>"
"sitron","Sitron","https://framerusercontent.com/images/oR9Riz6OaZn659qHeevqIbbvOA.jpg","","<p><br></p>"
"torpaq","Torpaq","https://framerusercontent.com/images/lmMkcaUPanY82sDOMM330f4rl2I.jpg","","<p><br></p>"
"şəkərli-meyvələr","Şəkərli meyvələr","https://framerusercontent.com/images/Y9TsleZHOEuM5kAOPplhGmp4gc.jpg","","<p><br></p>"
"limon-qabığı","Limon qabığı","https://framerusercontent.com/images/LYIaOo3fxLRYxkivIcrXA3Fd4.jpg","","<p><br></p>"
"nuqa","Nuqa","https://framerusercontent.com/images/CwkZ6L8PVRM1ttCpfS7vJKeU.jpg","","<p><br></p>"
"qoji-giləmeyvəsi","Qoji giləmeyvəsi","https://framerusercontent.com/images/ZLSUo7wm0mwbDGQyG3PdEiEjk5k.jpg","","<p><br></p>"
"lotus","Lotus","https://framerusercontent.com/images/s2ouRsR3DabUP7BCAJuYz6owSU.jpg","","<p><br></p>"
"limon-otu","Limon otu","https://framerusercontent.com/images/D9mSQlbQhoYqb3Xu7fFFtEcl4.jpg","","<p><br></p>"
"ardıc-giləmeyvəsi","Ardıc giləmeyvəsi","https://framerusercontent.com/images/0imkdCzLiXPqQGkdL2RIu17aCk.jpg","","<p><br></p>"
"çin-qreyfrutu","Çin Qreyfrutu","https://framerusercontent.com/images/JJX77xJ5TRkYBGRQnSebk3e6Ks.jpeg","","<p><br></p>"
"kaşmeran","Kaşmeran","https://framerusercontent.com/images/VAQh6EHUtaTKRzmGZwES9OEMXKQ.jpg","","<p><br></p>"
"yerkökü-toxumları","Yerkökü toxumları","https://framerusercontent.com/images/bF4DZTWFKBidviw7W8m3x4P5Gg.jpg","","<p><br></p>"
"mate","Mate","https://framerusercontent.com/images/68LNyQ5F8j0Uuy8NEHtMC3dUU0.jpg","","<p><br></p>"
"tozağacı","Tozağacı","https://framerusercontent.com/images/gavEyABjQZHgAdGjiCEveRAOidA.jpg","","<p><br></p>"
"ambretta-müşk-əməköməcisi","Ambretta","https://framerusercontent.com/images/hul7IYx2dBPpR3IbStAboyjA.jpg","","<p><br></p>"
"sapodilla","Sapodilla","https://framerusercontent.com/images/EJ4mCi8SpP3AjYpqiPtjG3s5c7Y.jpg","","<p><br></p>"
"marixuana","Marixuana","https://framerusercontent.com/images/FnLrgwonrD0HgctihuRp7SMZDx4.jpeg","","<p><br></p>"
"palo-santo","Palo santo","https://framerusercontent.com/images/wpHrC1V7FbAmjLJZpPEna5tqJY.jpg","","<p><br></p>"
"limoncello","Limoncello","https://framerusercontent.com/images/qSkyZGjjHi0Gtapw8zBRNocifWk.jpg","","<p><br></p>"
"mandarin-yarpağı","Mandarin Yarpağı","https://framerusercontent.com/images/ChgHiJDeeShU2kgCsIiPIruY5Bw.jpg","","<p><br></p>"
"ipək-ağacı-çiçəyi","İpək ağacı çiçəyi","https://framerusercontent.com/images/nyumscJjldsuVk9ZiTxLcuIzVc.jpg","","<p><br></p>"
"toskanol","Toskanol","https://framerusercontent.com/images/29zVbtqbM4HGWnUrqmEh6HsT4PE.jpg","","<p><br></p>"
"mineral-notlar","Mineral notlar","https://framerusercontent.com/images/9AZAq2hpYJLYRQKmm480Zq39Bjo.jpg","","<p><br></p>"
"muskat-çiçəyi","Muskat Çiçəyi","https://framerusercontent.com/images/ZjFOW351L8c3ZE75xrDklojm9o.jpg","","<p><br></p>"
"zamş","Zamş","https://framerusercontent.com/images/jSdwuh64hauTCpN6FHcY0AwyTWE.jpg","","<p><br></p>"
"popkorn","Popkorn","https://framerusercontent.com/images/oSlNY2rxipuihDvcPZbbB8lBEZY.jpg","","<p><br></p>"
"akasiya","Akasiya","https://framerusercontent.com/images/q1zlYrIhhBi35L0Hj2tFKqs9ck.jpg","","<p><br></p>"
"kaktus-çiçəyi","Kaktus Çiçəyi","https://framerusercontent.com/images/5SIFUNlHdF9IrGrrOd5ADMjZE.jpg","","<p><br></p>"
"kürü","Kürü","https://framerusercontent.com/images/8KMemOYQnsTzRA5EGdq5xBds.jpg","","<p><br></p>"
"araq","Araq","https://framerusercontent.com/images/Tg0yVzUyjw5hj7CIcBS1dQV5M.jpg","","<p><br></p>"
"ingilis-arağı","İngilis arağı","https://framerusercontent.com/images/8OOSynVOcPLOZyO2QxvP34iUQ.jpg","","<p><br></p>"
"şampan","Şampan","https://framerusercontent.com/images/TZOLsuxiaKSFhwtNM9MKkLBm1NY.jpg","","<p><br></p>"
"tiramisu","Tiramisu","https://framerusercontent.com/images/B8DhvzR8IFtG8sK7zMz2Rfz85Y.jpg","","<p><br></p>"
"pomidor","Pomidor","https://framerusercontent.com/images/rZ8JZ21eHq5pJYQqayOrJK0kEA.jpg","","<p><br></p>"
"tay-udu","Tay udu","https://framerusercontent.com/images/n2L270kOzYKhcrHQaY2lcz0aY.jpg","","<p><br></p>"
"zəncəfil-çiçəyi","Zəncəfil çiçəyi","https://framerusercontent.com/images/vgF1PsJ5kOkOREuFTzTB51b06kY.jpg","","<p><br></p>"
"sarmaşıq","Sarmaşıq","https://framerusercontent.com/images/Z1WfooK5RfrKgIlYPmZqKWg04.jpg","","<p><br></p>"
"burbon-viski","Burbon viski","https://framerusercontent.com/images/i2KQyKAZ4DqgYu25y7tH6xTneVU.jpg","","<p><br></p>"
"dəniz-notları","Dəniz notları","https://framerusercontent.com/images/s5TMFRKXGTYYjaNS00qZvGDwaQ0.jpg","","<p><br></p>"
"plumeria","Plumeria","https://framerusercontent.com/images/2GYW9YhdoCPSz0E3NIGrSBnozA.jpg","","<p><br></p>"
"yonca","Yonca","https://framerusercontent.com/images/mc3E1wVvO91YjFb5frcq90ta4.jpg","","<p><br></p>"
"düyü","Düyü","https://framerusercontent.com/images/caBLPvMru1MLAS4xMVrRRny6Nw.jpg","","<p><br></p>"
"paprika","Paprika","https://framerusercontent.com/images/iqOMBBqwDu06HXf0dLkcXnbj4go.jpg","","<p><br></p>"
"mürəkkəb","Mürəkkəb","https://framerusercontent.com/images/fdapKvWA0nngivTIlfV4CbpJvro.jpg","","<p><br></p>"
"hibiskus","Hibiskus","https://framerusercontent.com/images/NRbKIvsrkBZQlxeL3SAOfeJiA.jpg","","<p><br></p>"
"evkalipt","Evkalipt","https://framerusercontent.com/images/tLZAgPQ1BRN9upQTpIwZdPIMA.jpg","","<p><br></p>"
"burbon-vanili","Burbon vanili","https://framerusercontent.com/images/a8EGyLbV4Th146qtOIcqeC1zX2c.jpg","","<p><br></p>"
"yamayka-istiotu","Yamayka istiotu","https://framerusercontent.com/images/mGX3IUCKeh0HdMWxXjDg9P0dCA.jpg","","<p><br></p>"
"siciliya-limonu","Siciliya limonu","https://framerusercontent.com/images/g7w7PquokB6yTIxe555rYdIo8k.png","","<p><br></p>"
"vetiver-yağı","Vetiver yağı","https://framerusercontent.com/images/ZfQ5qqKpABaRbTnyWWrobJpZrBA.jpg","","<p><br></p>"
"su-notları","Su notları","https://framerusercontent.com/images/1B4KUf76rB893mc7NfOyv1CmU.jpg","","<p><br></p>"
"kalendula","Kalendula","https://framerusercontent.com/images/X3IlNbFINGTWfmwmrO6WVkbPKU.jpg","","<p><br></p>"
"süd-ağacı-akkordu","Süd ağacı akkordu","https://framerusercontent.com/images/2kR5lM81nnsQiOo96n0IgkrDFM.jpg","","<p><br></p>"
"kəpək-otrubi","Kəpək (otrubi)","https://framerusercontent.com/images/GfUoP9iN5kT145sQfRgv6ZMvlE.jpg","","<p><br></p>"
"zefir","Zefir","https://framerusercontent.com/images/UYFyqLkETWpeOfIoko4RjQxot8.jpg","","<p><br></p>"
"yaşıl-mandarin","Yaşıl Mandarin","https://framerusercontent.com/images/QzF4xoOKxoBf3elIFsFgGclIvCI.jpg","","<p><br></p>"
"papaya-çiçəyi","Papaya çiçəyi","https://framerusercontent.com/images/WuPUtbTd13jCg6Kyg8dme5S5OM.jpg","","<p><br></p>"
"lantana","Lantana","https://framerusercontent.com/images/jwn6xNgU1zdozzB45fP9zMO1a4.jpg","","<p><br></p>"
"sidr-yarpaqları","Sidr yarpaqları","https://framerusercontent.com/images/McAK0vcX0hCZTHrJgRtZ7BM1k.png","","<p><br></p>"
"braziliya-palisandrı","Braziliya palisandrı","https://framerusercontent.com/images/WfZF03df6i4wffcOzDNXBeIpk.jpg","","<p><br></p>"
"tik-ağacı","Tik ağacı","https://framerusercontent.com/images/H7eH7Mb8nmXECdOTSVQb6b1gqPk.jpg","","<p><br></p>"
"qıjını","Qıjını","https://framerusercontent.com/images/G6nOayiQHwoyrdGLYd2ei2BOs.jpg","","<p><br></p>"
"badam-südü","Badam südü","https://framerusercontent.com/images/mjTfaAdl7CGnCvWoCkShpU8Xcg.jpg","","<p><br></p>"
"ağ-çay","Ağ çay","https://framerusercontent.com/images/mF6uXXRb2ZR0cNoFZjPl2qbIhJQ.jpg","","<p><br></p>"
"ekzotik-çiçəklər","Ekzotik çiçəklər","https://framerusercontent.com/images/ATmpJbPJCRMRgUSFURXZPq6nHQ.jpg","","<p><br></p>"
"badyan","Badyan","https://framerusercontent.com/images/auL4dUgojp4pLdPpoNSq3qF35k.jpg","","<p><br></p>"
"berqamot-yarpağı","Berqamot yarpağı","https://framerusercontent.com/images/QBOTwbuhVCPFz8JqmCVF8dzRPQ.jpg","","<p><br></p>"
"şam-ağacı-ekstraktı","Şam ağacı ekstraktı","https://framerusercontent.com/images/7e7hnOdzqrszAJMuKfvanOblc.jpeg","","<p><br></p>"
"küknar-ekstraktı","Küknar ekstraktı","https://framerusercontent.com/images/xtP0a3EJkFAqK806Jqh9oyitRww.jpg","","<p><br></p>"
"quru-ərik","Quru ərik","https://framerusercontent.com/images/n79t1jbMPIXkRQZHKxwg4JBEVXg.jpg","","<p><br></p>"
"davana","Davana","https://framerusercontent.com/images/VbOW6yjSf0uqLkA9il4qQADSpM.jpg","","<p><br></p>"
"madaqaskar-vanili","Madaqaskar vanili","https://framerusercontent.com/images/opSdyCobg0kQaDi7PABFHduGz8w.jpg","","<p><br></p>"
"qrafit","Qrafit","https://framerusercontent.com/images/NbnQvj4b4SAGk8vkQ41rLwMDkEc.jpg","","<p><br></p>"
"atlas-sidri","Atlas sidri","https://framerusercontent.com/images/CtgMRuZ7xL4So3MyrxYRRHcywAM.jpg","","<p><br></p>"
"lava","Lava","https://framerusercontent.com/images/Tf86llG0AT97MfWpacdGLcHwXc.jpg","","<p><br></p>"
"kokos-südü","Kokos südü","https://framerusercontent.com/images/NxpabTwxiRAECxP3XlkogogTGG4.jpg","","<p><br></p>"
"quava","Quava","https://framerusercontent.com/images/YZnqQNW8n1gEAm6rfY2bums8qU.jpg","","<p><br></p>"
"ağ-zamşa","Ağ zamşa","https://framerusercontent.com/images/OJcyrWxza5pGy3gypXk4eG6to0.jpg","","<p><br></p>"
"qara-gavalı","Qara gavalı","https://framerusercontent.com/images/Um6fZgZTZ17nMVOuq3N3HMww.jpg","","<p><br></p>"
"karambola","Karambola","https://framerusercontent.com/images/dEMG9KXefk5CUfAhmAmyYG5SRS4.jpg","","<p><br></p>"
"noxud","Noxud","https://framerusercontent.com/images/q4HFkPFZtFzpFiH6nlBcTAioU0c.jpeg","","<p><br></p>"
"qırmızı-pion","Qırmızı pion","https://framerusercontent.com/images/PuE69rAIURlTqcJ0amd8NQoNI.jpg","","<p><br></p>"
"qaragilə","Qaragilə","https://framerusercontent.com/images/e6jj7LFGlaGQvVqrotRgMXtMLI.jpg","","<p><br></p>"
"ağ-şaftalı","Ağ şaftalı","https://framerusercontent.com/images/t0S6lgfMvKGwW53KEGPBC650c.jpg","","<p><br></p>"
"sakız-ağacı","Sakız ağacı","https://framerusercontent.com/images/2e9NnxARw6qibxFvPRYxo7xDDoI.jpg","","<p><br></p>"
"əncir-yarpağı","Əncir yarpağı","https://framerusercontent.com/images/n87D6SnwOuY4Z4IJ405fR1gVkNI.jpg","","<p><br></p>"
"indoneziyadan-paçuli","İndoneziyadan Paçuli","https://framerusercontent.com/images/Jr4snDIUzN3iKVSsB970zjvSu8.jpg","","<p><br></p>"
"akigalawood","Akigalawood","https://framerusercontent.com/images/L8lAvzx00Hi5nFrQISF6r1zaPiM.jpg","","<p><br></p>"
"timur-timut-istiotu","Timur (timut) istiotu","https://framerusercontent.com/images/nHCdwFBalSajPtH7Mabgb6mpI.jpg","","<p><br></p>"
"evkrifiya","Evkrifiya","https://framerusercontent.com/images/ulNYvjyU5bgNWnfVBTPfSFLMRs.jpg","","<p><br></p>"
"dəfnə-yarpağı","Dəfnə yarpağı","https://framerusercontent.com/images/UNk7JDaAWVi09g8XftwODim74Ak.jpg","","<p><br></p>"
"ambrein","Ambrein","https://framerusercontent.com/images/smiUeiiVybzE7nFHLME6NkkiC4.jpg","","<p><br></p>"
"ağcaqayın","Ağcaqayın","https://framerusercontent.com/images/j0MjO1ofLtbm8MHJzv8FC7vg0.jpg","","<p><br></p>"
"ağ-bal","Ağ bal","https://framerusercontent.com/images/qSoSTnZl80knT8CGSyQdsswycBQ.jpg","","<p><br></p>"
"çin-gavalısı","Çin gavalısı","https://framerusercontent.com/images/Y5BVKGKyhMzKGPGDxWic3NqV8w.jpg","","<p><br></p>"
"çin-çayı","Çin çayı","https://framerusercontent.com/images/Zk76YBTfLOYazG18aF60uH2c4Q.jpg","","<p><br></p>"
"toskana-süsəni","Toskana süsəni","https://framerusercontent.com/images/acsvpE1rugyfaI1pe7nj4Omk.jpg","","<p><br></p>"
"ağ-sidr-ekstraktı","Ağ sidr ekstraktı","https://framerusercontent.com/images/W8d1B9vuDb2rlT2r0YFF0tjaTE.jpg","","<p><br></p>"
"küncüt","Küncüt","https://framerusercontent.com/images/aRTIRdbQ9fNx1OQ2IYxzmLydb3U.jpg","","<p><br></p>"
"pimenta-amerikan-dəfnə-ağacı","Pimenta (Amerikan dəfnə ağacı)","https://framerusercontent.com/images/XPGkBpqaou8qkkSUcHWZlIT0Gg.png","","<p><br></p>"
"monoi-yağı","Monoi yağı","https://framerusercontent.com/images/mJlXBPsUkLz1IMy78ZTFYE8RxZc.jpg","","<p><br></p>"
"hind-udu","Hind udu","https://framerusercontent.com/images/lJdN0PUpZ623vzyJ9jlg3s5IOZQ.png","","<p><br></p>"
"fransız-labdanumu","Fransız labdanumu","https://framerusercontent.com/images/T15LwTeDnNOlGnX6IJ32AL6Y.jpeg","","<p><br></p>"
"prunol","Prunol","https://framerusercontent.com/images/etQYldYn61DAb5Mt5612lXaQj0.png","","<p><br></p>"
"şokolad","Şokolad","https://framerusercontent.com/images/rPFI03AVyEhH8M0t8gREAzM.jpg","","<p><br></p>"
"ekzotik-ağac","Ekzotik ağac","https://framerusercontent.com/images/95PtzvrImAecpQ4wOHR72ZNNN0.jpg","","<p><br></p>"
"feyxoa","Feyxoa","https://framerusercontent.com/images/rfPFl0bKjjsOVY3VohFqVnizo.jpg","","<p><br></p>"
"çin-maqnolyası","Çin maqnolyası","https://framerusercontent.com/images/C2ZqGUlaEljGLHW0NEDc6cyBQ.jpg","","<p><br></p>"
"banan","Banan","https://framerusercontent.com/images/f62Q6e27wfHNdrNXBzI6kYZ4N4E.jpg","","<p><br></p>"
"qarğıdalı","Qarğıdalı","https://framerusercontent.com/images/cRt706f0gpiwNe0sZrJ8FVI6cI0.jpg","","<p><br></p>"
"şəkərli-limon","Şəkərli limon","https://framerusercontent.com/images/O2IbgD8sIpySeoWtDngRuZKYCr8.jpg","","<p><br></p>"
"qreyfrut-yarpağı","Qreyfrut yarpağı","https://framerusercontent.com/images/kc9ZgIWu5XWOLalhbIhUABV0DKE.jpg","","<p><br></p>"
"ənbər-ağacı","Ənbər ağacı","https://framerusercontent.com/images/xMxjt6qJmmvbVWfiEqg7t3qZ9Q.jpg","","<p><br></p>"
"mirabelle-gavalı","Mirabelle Gavalı","https://framerusercontent.com/images/PtIBSRTl6Mk1KP1hxK2QnZp9Jr0.jpg","","<p><br></p>"
"qızılgül-suyu","Qızılgül suyu","https://framerusercontent.com/images/LV81PpKj6LxQy6ScOiAHFsBXc1A.jpg","","<p><br></p>"
"tolu-balzamı","Tolu balzamı","https://framerusercontent.com/images/7WLWyGRuBJQvRzRMBcaZtu9l8g.jpg","","<p><br></p>"
"limon-minaçiçəyi-verbenası","Limon Minaçiçəyi (Verbenası)","https://framerusercontent.com/images/EAMg87UkgmD1oTEpJKjmmjBY1yc.jpg","","<p><br></p>"
"cirəgülü-anis","Cirəgülü (Anis)","https://framerusercontent.com/images/KAxBuSruQwWWSaoZIoBvTmLhTZo.jpg","","<p><br></p>"
"qara-qarağat-qönçələri","Qara qarağat qönçələri","https://framerusercontent.com/images/XcMWKPmlgMXsakT8jWPnCfhr7A.jpg","","<p><br></p>"
"qəhvəyi-şəkər","Qəhvəyi şəkər","https://framerusercontent.com/images/wmAyJi3YSfsaCLUKZLbmzFzJyo.jpg","","<p><br></p>"
"quisqualis-indica","Quisqualis indica","https://framerusercontent.com/images/62iXNThp6wfr8zIzWZ5jsrlrC9A.jpg","","<p><br></p>"
"mandor","Mandor","https://framerusercontent.com/images/OWHmpiGM986yAbv3PiiQ0UFnX8.jpg","","<p><br></p>"
"olibanum","Olibanum","https://framerusercontent.com/images/ZmVB59eZvrgC8Nx3thzFYsgBHMY.jpg","","<p><br></p>"
"şam-iynələri","Şam iynələri","https://framerusercontent.com/images/RISC9LcblBAYqtir0cYVkalLQI.jpg","","<p><br></p>"
"badam-çiçəyi","Badam çiçəyi","https://framerusercontent.com/images/zbTHy5MovgRJKFRTTNPCPg9PL8.jpg","","<p><br></p>"
"badam-ağacı","Badam ağacı","https://framerusercontent.com/images/y5iS2m0TIY6zRWuQoM23Z4GgU.jpg","","<p><br></p>"
"hibiskus-toxumları","Hibiskus toxumları","https://framerusercontent.com/images/0zLXPYc6zdgiJiQLDY0O4tyOrI.jpg","","<p><br></p>"
"qara-ağcaqayın","Qara ağcaqayın","https://framerusercontent.com/images/xSEunlS9VnX1uh8uMWsUKggWD4.jpg","","<p><br></p>"
"sklaren","Sklaren","https://framerusercontent.com/images/kd5nt4d6LDJsZ2zEOzxLc4mRYNk.jpg","","<p><br></p>"
"ərik-çiçəyi","Ərik çiçəyi","https://framerusercontent.com/images/z15wdtEB4Qz4U8E1AV2vuYmiV64.jpg","","<p><br></p>"
"kinkan","Kinkan","https://framerusercontent.com/images/YqswbL2yCa2b4j0Rfhajdhek.jpg","","<p><br></p>"
"yaşıl-sok","Yaşıl sok","https://framerusercontent.com/images/DIfUopgsBYdSWfi9wGTEoK2xK8.jpg","","<p><br></p>"
"çaxmaqdaşı","Çaxmaqdaşı","https://framerusercontent.com/images/2wNLp3UIG4GOaznEmrBWMJk.jpg","","<p><br></p>"
"pelarqoniya","Pelarqoniya","https://framerusercontent.com/images/iqwgpsFAYhDzuqqZ3DMurpBDlvQ.jpg","","<p><br></p>"
"şəkərli-zəncəfil","Şəkərli zəncəfil","https://framerusercontent.com/images/F7es1dXRS5fQVzJNedGD2RYyCE.jpg","","<p><br></p>"
"ağ-oleander","Ağ Oleander","https://framerusercontent.com/images/BdjZP2EtJqalLbD3xsvTGJUJw.jpg","","<p><br></p>"
"zeytun-ağacı","Zeytun ağacı","https://framerusercontent.com/images/h8oLUN03cxJA8cLZZ8NurmWGhpc.jpg","","<p><br></p>"
"keşniş-toxumu","Keşniş toxumu","https://framerusercontent.com/images/FYdGiyOmk6P0NX7ptxL5RPxIbc.jpg","","<p><br></p>"
"maninka","Maninka","https://framerusercontent.com/images/ywCPpoaJVTyKncvMYO3shl6zwLQ.jpg","","<p><br></p>"
"alma-çiçəyi","Alma çiçəyi","https://framerusercontent.com/images/T8AU7yU4jfzD6BAHhSCbC1zJAnk.jpg","","<p><br></p>"
"qara-ağac","Qara ağac","https://framerusercontent.com/images/9tB9Of8NdCKYhWpKO4EJ9LaYU0.jpg","","<p><br></p>"
"indol","İndol","https://framerusercontent.com/images/2jwW4nvh7yZCdDcr6QMUaP8dWLM.jpg","","<p><br></p>"
"sorbet-dondurma","Sorbet (dondurma)","https://framerusercontent.com/images/dDfZU8FFslHBbwCf2KQqUwyM8AE.jpg","","<p><br></p>"
"doqquzdon","Doqquzdon","https://framerusercontent.com/images/whaGyYoq2u0KbSnsaKjXdt7FXQ8.jpg","","<p><br></p>"
"motmotu","Motmotu","https://framerusercontent.com/images/JtifpCYXlsYnLI7Xh5HoFEiXk.jpg","","<p><br></p>"
"tanqerin","Tanqerin","https://framerusercontent.com/images/xTAjDzXkzmXKeh4ZxdzvyE4lWHQ.jpg","","<p><br></p>"
"robiniya-ağacı-yalancı-akasıya","Robiniya ağacı (Yalancı akasıya)","https://framerusercontent.com/images/xECYi7xVZEIxfD0dHniewDmQM1E.jpg","","<p><br></p>"
"buğda","Buğda","https://framerusercontent.com/images/gdYJYKRJeRDK7enJ3sLQMCpcA.jpg","","<p><br></p>"
"arpa","Arpa","https://framerusercontent.com/images/P382opUCahR5nv4lFWffJu8Lg.jpg","","<p><br></p>"
"qarğıdalı-ipəyi","Qarğıdalı ipəyi","https://framerusercontent.com/images/esfb3hc98wqDkHcEwWQuv3O6oHw.jpg","","<p><br></p>"
"çovdar","Çovdar","https://framerusercontent.com/images/5c6PoEsTzjv14m7GdSFUpHww8.jpg","","<p><br></p>"
"novruzçiçəyi","Novruzçiçəyi","https://framerusercontent.com/images/CPdgOnOkCZ04v7vw4klL33cYLg4.jpg","","<p><br></p>"
"xurma-meyvə","Xurma (meyvə)","https://framerusercontent.com/images/PfJC6XLlyb3meBNmKtO1JdpbshI.jpg","","<p><br></p>"
"şeh","Şeh","https://framerusercontent.com/images/2GAXGsMe9FQWZCnIIJuvK2h6g.jpg","","<p><br></p>"
"zəngçiçəyi","Zəngçiçəyi","https://framerusercontent.com/images/hmeG9XBpohPH5WD5uMQjGU3okrk.jpg","","<p><br></p>"
"dəniz-duzu","Dəniz duzu","https://framerusercontent.com/images/imdUEzkNxPgevRs1FSES2uh1ZQ.jpg","","<p><br></p>"
"yulğun","Yulğun","https://framerusercontent.com/images/jewOmjSndYKxZtZgxfkfZjIP2oU.jpg","","<p><br></p>"
"palmaroza","Palmaroza","https://framerusercontent.com/images/xUDroUSEKRAPSARRAOv6hbNauoc.jpg","","<p><br></p>"
"çayote","Çayote","https://framerusercontent.com/images/74P5d7yCqb9A5UUEx8yWEIvLfM.jpg","","<p><br></p>"
"saqqız","Saqqız","https://framerusercontent.com/images/ePmCd7n4tqhuaACIBEtUOBmQ0.jpg","","<p><br></p>"
"cetaloks","Cetaloks","https://framerusercontent.com/images/MgPpVe2v3kKbsspntrC2aukLJW4.jpg","","<p><br></p>"
"qırmızı-qızılgül","Qırmızı qızılgül","https://framerusercontent.com/images/d1Uoik9FJSEsPhpEwPpJEvJAQw.png","","<p><br></p>"
"krem-brule","Krem-brule","https://framerusercontent.com/images/BaJoAFo9O8jIq5RQEFlZgOCEwgs.jpg","","<p><br></p>"
"ağ-ağac","Ağ Ağac","https://framerusercontent.com/images/1DslReBnyxwSmP9SXNT1Y6jxYfw.jpg","","<p><br></p>"
"ambrettolide","Ambrettolide","https://framerusercontent.com/images/AyAluKvAFuRyO7tKbneRCYyMoI.jpg","","<p><br></p>"
"thanaka-ağacı","Thanaka ağacı","https://framerusercontent.com/images/Bm90e6zuRw4YuU2ZWmpOhEb5Gc.jpg","","<p><br></p>"
"qamış","Qamış","https://framerusercontent.com/images/OGix0Z63AzIJLeFWbfPha7Un0.jpg","","<p><br></p>"
"sintetik-qreyfrut","Sintetik qreyfrut","https://framerusercontent.com/images/FpSiUTDh39pu2QzT0MNppfmgtMY.jpg","","<p><br></p>"
"zəncəfil-pryaniki","Zəncəfil pryaniki","https://framerusercontent.com/images/nvk8RYWXLQJ2StVih053m7kIhM.jpg","","<p><br></p>"
"coca-cola","Coca-Cola","https://framerusercontent.com/images/PeK5GRtlQF8zciP2jm0NyZFw.jpg","","<p><br></p>"
"paradizon","Paradizon","https://framerusercontent.com/images/HOC1DqGGW1vQZofdoX3t7jshEAo.jpg","","<p><br></p>"
"brendi","Brendi","https://framerusercontent.com/images/66bxqzpxU3eJ8ury9bPqiBK4tY.jpg","","<p><br></p>"
"tsibetin","Tsibetin","https://framerusercontent.com/images/gVFfsQlNXe7px3tSHRlTvfr8dA.jpg","","<p><br></p>"
"ağ-tütün","Ağ tütün","https://framerusercontent.com/images/PvmjBZlsyCUlbWHXYW0EgZvzSGY.jpg","","<p><br></p>"
"ananas-yarpağı","Ananas yarpağı","https://framerusercontent.com/images/7HjCeiGMqQMph2h4JaHSTqCPg.jpg","","<p><br></p>"
"pomidor-yarpağı","Pomidor yarpağı","https://framerusercontent.com/images/3PQUVSCrQvhiMtFzT8dGFLEBLw.jpg","","<p><br></p>"
"xanımotu","Xanımotu","https://framerusercontent.com/images/snms5GXJlqt8I09J2meH5JaYEYE.jpg","","<p><br></p>"
"kefalis","Kefalis","https://framerusercontent.com/images/2kX02i2HzJQgWfwOsNoqT4ymM.jpg","","<p><br></p>"
"tamarind","Tamarind","https://framerusercontent.com/images/gN6Aj0BRRKIRGq5BV0cgz3Lo.jpg","","<p><br></p>"
"qum","Qum","https://framerusercontent.com/images/l2B30nkKHnM7L45tY1wyAPNM2hc.jpg","","<p><br></p>"
"qonaqotu","Qonaqotu","https://framerusercontent.com/images/z1ZjWplQJAbWDKh0jK4ouus9g.jpg","","<p><br></p>"
"qara-qızılgül","Qara qızılgül","https://framerusercontent.com/images/c7DjYJ7TzYmI60zjd3Jhht032I.png","","<p><br></p>"
"bruqmansiya","Bruqmansiya","https://framerusercontent.com/images/UUz8oXPiqJoP6CBmSztmRWRLCe4.jpg","","<p><br></p>"
"visteriya","Visteriya","https://framerusercontent.com/images/f3NxXXrz3IuKUl91x2VYpeJV0.jpg","","<p><br></p>"
"matcha-çayı","Matcha çayı","https://framerusercontent.com/images/C1FiBIKs5rHOew0Ok02Z8Bje69M.jpg","","<p><br></p>"
"lemonqras","Lemonqras","https://framerusercontent.com/images/D9mSQlbQhoYqb3Xu7fFFtEcl4.jpg","","<p><br></p>"
"cascalon","Cascalon","https://framerusercontent.com/images/MuhqKFYdbMtrYtCiLKrSfGQuUA.jpg","","<p><br></p>"
"kömür","Kömür","https://framerusercontent.com/images/r0ML9Dsecd0ccPViIOpCYvgI.jpg","","<p><br></p>"
"mohito","Mohito","https://framerusercontent.com/images/q8QIqE6DNmKKFXljqJIgWvBY8.jpg","","<p><br></p>"
"liatris","Liatris","https://framerusercontent.com/images/U65NFxJ3FNUAuTJhSD6Ad12mPso.jpg","","<p><br></p>"
"aqava","Aqava","https://framerusercontent.com/images/2nPBV11P92sizFGGXmikbBqvD7k.jpg","","<p><br></p>"
"sirinqa-çubuqluca","Sirinqa (Çubuqluca)","https://framerusercontent.com/images/e1jU0S56JGwmRorj76gucimg.jpg","","<p><br></p>"
"aspir-yalançı-zəfəran","Aspir (Yalançı zəfəran)","https://framerusercontent.com/images/Q3jSckDWU9ZVQOT8cV3PYUZWEHQ.jpg","","<p><br></p>"
"gurjun-balzamı","Gurjun balzamı","https://framerusercontent.com/images/D4SxnRgLnAcQhF5PRA1di8XQggs.jpg","","<p><br></p>"
"sarı-meyvələr","Sarı meyvələr","https://framerusercontent.com/images/r40w4Jj25QJ9JGxmqzGrJZOXs.jpg","","<p><br></p>"
"beze","Beze","https://framerusercontent.com/images/IKTv4FBN8rscQlvYefF3pYXY.jpg","","<p><br></p>"
"ekzotik-meyvələr","Ekzotik meyvələr","https://framerusercontent.com/images/y1PVjn4I8Zd8CmS89jXGFxmWHI4.jpg","","<p><br></p>"
"çay-qızılgülü","Çay qızılgülü","https://framerusercontent.com/images/4xR2o0O58jOlRJBaqs7lygRp6ug.jpg","","<p><br></p>"
"silkolid","Silkolid","https://framerusercontent.com/images/NwCrSOwWOzn9nqQ4B66Yk5eejAU.jpg","","<p><br></p>"
"rezin","Rezin","https://framerusercontent.com/images/JhoNgSSQB3RkiEFI0Zls4WcixQ.jpg","","<p><br></p>"
"plastik","Plastik","https://framerusercontent.com/images/gdxMlDKMuUY3gc8riBGvGLm3ehU.jpg","","<p><br></p>"
"amil-salisilat","Amil salisilat","https://framerusercontent.com/images/CuMdNhD8BGwiIHKEPGYjtSecQ.jpg","","<p><br></p>"
"alma-ağacı","Alma ağacı","https://framerusercontent.com/images/8JHW1ldkh9VDCJin3qFSLSmGY9Q.jpg","","<p><br></p>"
"portağal-yağı","Portağal yağı","https://framerusercontent.com/images/0pvTTWhfH1zuk88o72M7rjAL1c.jpg","","<p><br></p>"
"naz","Naz","https://framerusercontent.com/images/WFEFhAwQNMZYdodFWKbipgxF64.jpg","","<p><br></p>"
"isobutyl-quinoline","Isobutyl Quinoline","https://framerusercontent.com/images/T9POD0DJzjs9i4R9OcLsUUBFMyY.jpg","","<p><br></p>"
"şaxtagülü","Şaxtagülü","https://framerusercontent.com/images/149xtDONm8kwsx1a22ZW0eL7rc.jpg","","<p><br></p>"
"petaliya-pion-və-qızılgül-qoxulu-maddə","Petaliya ( Pion və qızılgül qoxulu maddə)","https://framerusercontent.com/images/iNiWvHm0GIFyLakfJ1arB0pBT0.jpg","","<p><br></p>"
"pomarose","Pomarose","https://framerusercontent.com/images/0rxg14LUGnJ0Pxzof5cyIzIZCBk.jpg","","<p><br></p>"
"laos-udu","Laos udu","https://framerusercontent.com/images/rvodPA1ECjdvWUYOw53yATd1gg.jpg","","<p><br></p>"
"mahoniya","Mahoniya","https://framerusercontent.com/images/mkL0RBVDJdKaPVFg1DTyT5XYxrg.jpg","","<p><br></p>"
"buxurkolu-cistus","Buxurkolu (Cistus)","https://framerusercontent.com/images/9KV3BtRk8qAB08fEjt0qfKNvwnM.jpg","","<p><br></p>"
"pişikotu","Pişikotu","https://framerusercontent.com/images/IaHi4MaSePXBZBHDGQfB4KiaHu0.jpg","","<p><br></p>"
"çampaka","Çampaka","https://framerusercontent.com/images/NqHQltpyToluSjBdtTsx9H7o.jpg","","<p><br></p>"
"kampari","Kampari","https://framerusercontent.com/images/9GBRQpTj2SZW3zsF2Z8k5DolM.jpg","","<p><br></p>"
"panna-kotta","Panna kotta","https://framerusercontent.com/images/4xOw43PxGKjYtQMiTeZDoeUVA8A.jpg","","<p><br></p>"
"süd-musu","Süd musu","https://framerusercontent.com/images/DKvQVx2uqh3CgcJha2sSq5BZJz4.jpg","","<p><br></p>"
"mərsin","Mərsin","https://framerusercontent.com/images/3dxupZnC2YwBjtF7DFdDy0bzWwM.jpg","","<p><br></p>"
"hinoki-ağacı","Hinoki ağacı","https://framerusercontent.com/images/VCpXkGUM0iCbM6GzdvnoomveVdE.jpg","","<p><br></p>"
"tiryək","Tiryək","https://framerusercontent.com/images/QRFEKzDyCssLjrvNFTIq4Qpqt6k.jpg","","<p><br></p>"
"heather","Heather","https://framerusercontent.com/images/8gw2LIDgO6VIJWSOh9wOshgucJ0.jpg","","<p><br></p>"
"kabreuva","Kabreuva","https://framerusercontent.com/images/ZQ3oOUYsqDnFB8RoHmC0U3v8s.jpg","","<p><br></p>"
"kamboca-aqar-ağacı-ud","Kamboca aqar ağacı (Ud)","https://framerusercontent.com/images/QLxY9FEBelGMwKvVbRUaSVPSqNM.jpg","","<p><br></p>"
"çınqıl","Çınqıl","https://framerusercontent.com/images/AGQ4Z1I85uUeRYcPKB9njqdjsE.jpg","","<p><br></p>"
"lavanda-ekstraktı","Lavanda ekstraktı","https://framerusercontent.com/images/PNAsDwtibnN3FfcptwIkNQVwzt8.jpg","","<p><br></p>"
"kərəviz-toxumu","Kərəviz toxumu","https://framerusercontent.com/images/ZPh5vytsSvkdEfNTGtS5qcH9k.jpg","","<p><br></p>"
"nəm-ağac","Nəm ağac","https://framerusercontent.com/images/VOWwMlxsmKKCXlqpi6Dc6PXCM.jpg","","<p><br></p>"
"italyan-sərvi","İtalyan sərvi","https://framerusercontent.com/images/82KajnVkhOag73vuPtNH4Yu2gO0.jpg","","<p><br></p>"
"qara-albalı","Qara albalı","https://framerusercontent.com/images/o2JkxzalTAEzYYLBuDlO52fjfA.jpg","","<p><br></p>"
"albalı-likörü","Albalı Likörü","https://framerusercontent.com/images/p2wERuRVWEsEeWT9pU1juXWHr4.jpg","","<p><br></p>"
"pittosporum","Pittosporum","https://framerusercontent.com/images/TlZtDSQmOnb0JxFABhsksQvFnyk.jpg","","<p><br></p>"
"kulfi","Kulfi","https://framerusercontent.com/images/YOjV3559huxjtedO4tOaPuFlSZc.jpg","","<p><br></p>"
"istiot-ağacı","Istiot ağacı","https://framerusercontent.com/images/QAwzfdyxspcHbxr1B7mDJZTDCM.jpg","","<p><br></p>"
"gavalı-çiçəyi","Gavalı çiçəyi","https://framerusercontent.com/images/VkzqYaVKoybODioeAJmQP1vSuYQ.jpg","","<p><br></p>"
"yapon-gavalası","Yapon gavalası","https://framerusercontent.com/images/YSmVHEL6nGYf8pGAGH6xHcK6nY.jpg","","<p><br></p>"
"calamus","Calamus","https://framerusercontent.com/images/sqCnjS1lzWfQqujCBkAe2lfz2Nc.jpg","","<p><br></p>"
"şimşir-ağacı","Şimşir ağacı","https://framerusercontent.com/images/haC0CkmlQBFJtseMbwMXHz5bd6g.jpg","","<p><br></p>"
"kartof-gülü","Kartof gülü","https://framerusercontent.com/images/vs6PxFK46f9QWDgZYvhJCaj29Cg.jpg","","<p><br></p>"
"gecə-jasmini-cestrum","Gecə jasmini (cestrum)","https://framerusercontent.com/images/rjgPzPIfVsmWg9shiQ0CrmG2jQY.jpg","","<p><br></p>"
"canele-şirniyyat","Canele (şirniyyat)","https://framerusercontent.com/images/owCOfA9ICHyU4az61rA2sJKQoL0.jpg","","<p><br></p>"
"buz","Buz","https://framerusercontent.com/images/2fw5RxykACtT9Q9wWU4Drr8.jpg","","<p><br></p>"
"sikomora-batı-çinarı","Sikomora (Batı çinarı)","https://framerusercontent.com/images/gheofvQ3MxiE01lGgTW3RTuVxQ.jpg","","<p><br></p>"
"ulduz-alması-kaimito","Ulduz alması (Kaimito)","https://framerusercontent.com/images/ntrBoNSudoVZrmOqgswviqXCfo.jpg","","<p><br></p>"
"çəhrayı-qlazur","Çəhrayı qlazur","https://framerusercontent.com/images/U2AeM2YFtODO6VFiqvEbY2ZERP4.jpg","","<p><br></p>"
"yanmış-şəkər","Yanmış şəkər","https://framerusercontent.com/images/9fYmnKGWA2jve0HMjDUab9K1iDk.jpg","","<p><br></p>"
"acı-badam","Acı badam","https://framerusercontent.com/images/AZL3v4NLbSzWQpSDz9MWcpSms.jpg","","<p><br></p>"
"boyzen-giləmeyvəsi","Boyzen giləmeyvəsi","https://framerusercontent.com/images/jIxvBpGJuPexcISecuNcqUs8.jpg","","<p><br></p>"
"ağ-aqar-ağacı-ud","Ağ aqar ağacı (ud)","https://framerusercontent.com/images/8gK68vx17AvruSYXxENHdGSkyY4.jpg","","<p><br></p>"
"albizia-ipəyi","Albizia ipəyi","https://framerusercontent.com/images/GtR1Nk8qSeqfYrCBdkof3QDBGKE.jpg","","<p><br></p>"
"qara-palisandr","Qara palisandr","https://framerusercontent.com/images/Ei8wB3utM56aVvVFtO6XQvlSYZ0.jpg","","<p><br></p>"
"dreamwood","Dreamwood","https://framerusercontent.com/images/Zg3ysOkBCVuJH7Pv7peSZYgjpGE.jpg","","<p><br></p>"
"kərə-yağı","Kərə yağı","https://framerusercontent.com/images/on7BOfjhwOEE9XDgFiumEixCXN4.jpg","","<p><br></p>"
"tonik-içki","Tonik (içki)","https://framerusercontent.com/images/Oh25W0kHslJGMFGWaEeGEW98of0.jpg","","<p><br></p>"
"cin-içki","Cin (içki)","https://framerusercontent.com/images/05qzRYlE1L4fkFFA4qPVoLVAZOM.jpg","","<p><br></p>"
"amber-xtreme","Amber Xtreme","https://framerusercontent.com/images/jPFjEtfJaFY8MDPgNeiyCgnsvQ.jpg","","<p><br></p>"
"kopay-balzamı","Kopay balzamı","https://framerusercontent.com/images/qrf6VeN7qKIOCIMJa6bc0bzvY4.jpg","","<p><br></p>"
"dağlaləsi","Dağlaləsi","https://framerusercontent.com/images/C3oxEVzYr7YVP2t5IuetEPaWwn4.jpg","","<p><br></p>"
"xamerion","Xamerion","https://framerusercontent.com/images/Wv8720L3L8zSsxPECPnXoBAJYhA.jpg","","<p><br></p>"
"şiso","Şiso","https://framerusercontent.com/images/zp3hre2KfQu9g85Z0NLwez058.jpg","","<p><br></p>"
"albalılı-süd","Albalılı Süd","https://framerusercontent.com/images/h2wBPHXHvlHJA43hEIj0tlcz4.jpg","","<p><br></p>"
"küknar-qatranı","Küknar qatranı","https://framerusercontent.com/images/wRBAEhUgqvnWenv6De7QkKrY7BI.png","","<p><br></p>"
"nympheal","Nympheal™","https://framerusercontent.com/images/xAbfoTQTYJPqkFXvVf0shacG5SM.jpg","","<p><br></p>"
"norlimbanol","Norlimbanol™","https://framerusercontent.com/images/lYnzQXzqDmJ8juPXLekaO3Oc7E.jpg","","<p><br></p>"
"makaron-şirniyyatı","Makaron şirniyyatı","https://framerusercontent.com/images/S8jU0fSZS625rYtvlpZfiZ1aJHY.jpg","","<p><br></p>"
"marsipan","Marsipan","https://framerusercontent.com/images/VTkPoKivd2Zx68j4xFTXJNYZuE.jpg","","<p><br></p>"
"vinil","Vinil","https://framerusercontent.com/images/QdGDHlLFlpXawCQjh5M43h31Bw.jpg","","<p><br></p>"
"agatosma","Agatosma","https://framerusercontent.com/images/kPRnEMlkYCZqOwCsme7vPYROWY.jpg","","<p><br></p>"
"benzin","Benzin","https://framerusercontent.com/images/48hMULpL9GJOLLoohHWROIy2Nec.jpg","","<p><br></p>"
"palma-yarpağı","Palma yarpağı","https://framerusercontent.com/images/dCL60qn3sLlflByqAJFWtInqHKc.jpg","","<p><br></p>"
"samanlıq-güldəfnəsi","Samanlıq güldəfnəsi","https://framerusercontent.com/images/EopTJIa8Jwt79Rm6jE32473maE.jpg","","<p><br></p>"
"peruvian-istiotu","Peruvian istiotu","https://framerusercontent.com/images/DOcdIZYNLOEnyJywzr3ovk4jZg.jpg","","<p><br></p>"
"lokum","Lokum","https://framerusercontent.com/images/YcfzgntyUpHA8M4hrkyncFpfFWI.jpg","","<p><br></p>"
"aqava-nektarı","Aqava nektarı","https://framerusercontent.com/images/ZbsJVsr06yVfWHB64t3KvX0MOmI.jpg","","<p><br></p>"
"hindistan-ənciri-opuntia","Hindistan ənciri (Opuntia)","https://framerusercontent.com/images/QfIxmqs0I4lPSlswwpXGpLOA.jpg","","<p><br></p>"
"razyana","Razyana","https://framerusercontent.com/images/SKSR5OwcNvW8QYrEkEKWU8ibJog.jpg","","<p><br></p>"
"ambrofix","Ambrofix™","https://framerusercontent.com/images/aouzozCPC1BPcHDF90iXuKA.jpg","","<p><br></p>"
"serenolide","Serenolide","https://framerusercontent.com/images/laoryE0N95Rx63vPBT26EOcHI.jpg","","<p><br></p>"
"pambıq","Pambıq","https://framerusercontent.com/images/6nnXkjA0fsiOVg6XJCCxFbCACnY.jpg","","<p><br></p>"
"tropik-meyvələr","Tropik meyvələr","https://framerusercontent.com/images/xLK9hQ4ZOrAsV5ZhsAMLPQmYIcU.jpg","","<p><br></p>"
"gourmand-akkordu","Gourmand akkordu","https://framerusercontent.com/images/SOOQhY9sh85LIm8mAY9ncgWVlWE.jpg","","<p><br></p>"
"vanil-orxideyasi","Vanil orxideyasi","https://framerusercontent.com/images/ZywM3IM2eqrY7tiIEvGOzVi7aBc.jpg","","<p><br></p>"
"georgywood","Georgywood","https://framerusercontent.com/images/Ra0Wsgs4t1tlEZRdjBVzSSjH2r8.jpg","","<p><br></p>"
"vanilla-absolute","Vanilla Absolute","https://framerusercontent.com/images/bDK0nRnSSHhBdvR8eQ2XfJ2NakM.jpg","","<p><br></p>"
"ultravanil","Ultravanil™","https://framerusercontent.com/images/7pLmQVZT2F4TAVewW9JsBlv7Ko.jpg","","<p><br></p>"
"jellybean","Jellybean","https://framerusercontent.com/images/ELfrapMYTI9b1l017AWr00n1OEE.jpg","","<p><br></p>"
"kolonya","Kolonya","https://framerusercontent.com/images/yNLi3LFJ8dqDLgPWo6O8RRSp1Uw.jpg","","<p><br></p>"
"linden-çiçəyi","Linden çiçəyi","https://framerusercontent.com/images/EezCNjNJoOE779LTa6kskYkJ4qQ.jpg","","<p><br></p>"
"gecə-çiçəyi-kaktusu","Gecə Çiçəyi Kaktusu","https://framerusercontent.com/images/J2mv4E0b1IjJaLlC3oDxdoh6i2k.jpg","","<p><br></p>"
"qərənfil-yarpağı","Qərənfil yarpağı","https://framerusercontent.com/images/usGDLEupcf0H9EZyqdsor0AzgU.jpg","","<p><br></p>"
"qərbi-hindistan-dəfnə-yarpağı","Qərbi Hindistan dəfnə yarpağı","https://framerusercontent.com/images/QAU6sovAvCFN7mkmp57tjidkH2Q.jpg","","<p><br></p>"
"bənövşə-kökü","Bənövşə kökü","https://framerusercontent.com/images/kXt1udm6OwEUin0Ms7JNCiNHtE.jpg","","<p><br></p>"
"tozağacı-yarpağı","Tozağacı yarpağı","https://framerusercontent.com/images/4d3eSdz1cQ5hn1RZHUSxbU1MgTE.jpg","","<p><br></p>"
"buddleya","Buddleya","https://framerusercontent.com/images/fAFnFzSSQWVIabLLuu7jeo0kYI.jpg","","<p><br></p>"
"darçın-yarpağı","Darçın yarpağı","https://framerusercontent.com/images/NpvoPw7EhlHTZnDbRqFJkRhM.jpg","","<p><br></p>"
"cekfrut","Cekfrut","https://framerusercontent.com/images/rRvTD1AKNEYrtGcbF6UPM67sao.jpg","","<p><br></p>"
"cirə","Cirə","https://framerusercontent.com/images/26XEcI6ty7nS3Lj5Z7bUwp9WB0.jpg","","<p><br></p>"
"evernyl","Evernyl","https://framerusercontent.com/images/RfrYNuWmeCiKUqIsb8417OKk2bc.jpg","","<p><br></p>"
"helvetolide","Helvetolide","https://framerusercontent.com/images/QKgdvi14VYMGBhO3xiYIS7l8Ko.jpg","","<p><br></p>"
"vanilla-caviar","Vanilla Caviar","https://framerusercontent.com/images/fxUCxVRJxjsyrlphAzeK3UW5uo.jpg","","<p><br></p>"
"mavi-lavanda","Mavi lavanda","https://framerusercontent.com/images/gffO17eYJT8Gwxj9xFUUk3yCA.jpg","","<p><br></p>"